title,url,discoutned_price,original_price
LED Flashlight Waterproof Torch 3 lighting modes Zoomable camping light,https://www.cigabuy.com/led-flashlight-waterproof-torch-3-lighting-modes-zoomable-camping-light-p-20068.html,$2.63,$8.04 
1.4 inch Immunity Monitor Fitness Tracker Waterproof Smart Watch,https://www.cigabuy.com/14-inch-immunity-monitor-fitness-tracker-waterproof-smart-watch-p-19465.html,$14.35,$20.09 
Printed Yoga Pants Women Sport Leggings Tight Trouser Pencil Sport,https://www.cigabuy.com/printed-yoga-pants-women-sport-leggings-tight-trouser-pencil-sport-p-19618.html,$3.88,$16.52 
Universal USB Quick Charge 3.0 Wall Adapter Android Mobile Phone Fast Charger,https://www.cigabuy.com/universal-usb-quick-charge-30-wall-adapter-android-mobile-phone-fast-charger-p-19475.html,$2.13,$5.48 
USB Rechargeable Aluminum Alloy Battery Display Telescopic Zoom LED Flashlight,https://www.cigabuy.com/usb-rechargeable-aluminum-alloy-battery-display-telescopic-zoom-led-flashlight-p-19461.html,$5.56,$19.65 
100 LED Solar Light  Solar Lamp Powered Sunlight 3 Modes PIR Motion Sensor,https://www.cigabuy.com/100-led-solar-light-solar-lamp-powered-sunlight-3-modes-pir-motion-sensor-p-19318.html,$3.62,$15.68 
Kemei 1971B Electric Hair Clipper Cordless Trimmer Engraving Shears Rechargeable,https://www.cigabuy.com/kemei-1971b-electric-hair-clipper-cordless-trimmer-engraving-shears-rechargeable-p-20156.html,$17.49,$47.13 
Biker Gloves Motorcross Full Finger Motorcycle Bicycle Cycling Waterproof Glove,https://www.cigabuy.com/biker-gloves-motorcross-full-finger-motorcycle-bicycle-cycling-waterproof-glove-p-19607.html,$4.51,$20.14 
Xiaomi 3D Men Electric Shaver Razor Enchen BlackStone3 IPX7 Waterproof,https://www.cigabuy.com/xiaomi-3d-men-electric-shaver-razor-enchen-blackstone3-ipx7-waterproof-p-20146.html,$14.98,$36.07 
NAVIFORCE 9182 Men Watch Top Brand Big Dial Sport Quartz Watches Waterproof,https://www.cigabuy.com/naviforce-9182-men-watch-top-brand-big-dial-sport-quartz-watches-waterproof-p-20148.html,$19.16,$49.89 
Teclast P10HD 4G Tablets 10.1inch Android 9.0 1920x1200 Octa Core 3GB +32GB,https://www.cigabuy.com/teclast-p10hd-4g-tablets-101inch-android-90-1920x1200-octa-core-3gb-32gb-p-19452.html,$122.14,$240.17 
Xiaomi Cervical Massager Back Neck Massager Far Infrared Heating Health Care,https://www.cigabuy.com/xiaomi-cervical-massager-back-neck-massager-far-infrared-heating-health-care-p-19626.html,$46.58,$112.35 
Mini Electrical Screwdriver power tools 3.6V Rechargeable Cordless Power Drill,https://www.cigabuy.com/mini-electrical-screwdriver-power-tools-36v-rechargeable-cordless-power-drill-p-19576.html,$8.07,$21.03 
NAVIFORCE NF9161 Men's Watches Top Luxury Brand Analog Stainless Steel,https://www.cigabuy.com/naviforce-nf9161-mens-watches-top-luxury-brand-analog-stainless-steel-p-20145.html,$14.35,$35.36 
Air Purifier Anion Generator Portable Air Cleaner Filter Negative Lon Purifiers,https://www.cigabuy.com/air-purifier-anion-generator-portable-air-cleaner-filter-negative-lon-purifiers-p-20150.html,$14.56,$49.96 
X96Q Android 10.0 TV Box Quad Core Allwinner H313 4K TV Box 2GB RAM 16GB ROM,https://www.cigabuy.com/x96q-android-100-tv-box-quad-core-allwinner-h313-4k-tv-box-2gb-ram-16gb-rom-p-18997.html,$19.55,$45.92 
K2 Powerful Bass USB Notebook Stereo Speakers Subwoofer Full Frequency Speaker,https://www.cigabuy.com/k2-powerful-bass-usb-notebook-stereo-speakers-subwoofer-full-frequency-speaker-p-19451.html,$6.81,$47.38 
5.0 Bluetooth Adapter Led Screen Wireless Audio Blue Tooth Transmitter Receiver,https://www.cigabuy.com/50-bluetooth-adapter-led-screen-wireless-audio-blue-tooth-transmitter-receiver-p-19470.html,$8.28,$19.24 
Yangmaile Gaming Keyboard Mechanical Feel G700 LED Rainbow Color Backlight Gamin,https://www.cigabuy.com/yangmaile-gaming-keyboard-mechanical-feel-g700-led-rainbow-color-backlight-gamin-p-19613.html,$7.86,$51.09 
USB Quick Charge 4 Port Fast Front Back Rear Seat Cars Charging Adapter,https://www.cigabuy.com/usb-quick-charge-4-port-fast-front-back-rear-seat-cars-charging-adapter-p-19476.html,$6.81,$13.37 
Waterproof Nylon Men Waist Pack Chest Bag Male Shoulder Messenger Bags,https://www.cigabuy.com/waterproof-nylon-men-waist-pack-chest-bag-male-shoulder-messenger-bags-p-19543.html,$5.98,$21.19 
Y113 TWS Earbuds Wireless Headphones Pro Bluetooth Sport Headset,https://www.cigabuy.com/y113-tws-earbuds-wireless-headphones-pro-bluetooth-sport-headset-p-19604.html,$6.60,$18.85 
Precision Screwdriver Set 50 In 1 Torx Bit Screw Driver Magnetic Bits Tools Kit,https://www.cigabuy.com/precision-screwdriver-set-50-in-1-torx-bit-screw-driver-magnetic-bits-tools-kit-p-20067.html,$10.37,$31.10 
B9 TWS 5.0 Bluetooth Earbud 8D Stereo Smart Touch Control Wireless Earphones,https://www.cigabuy.com/b9-tws-50-bluetooth-earbud-8d-stereo-smart-touch-control-wireless-earphones-p-19474.html,$8.82,$21.03 
Xiaomi Power bank 3 30000mAh PB3018ZM 3 USB Type C 18W Fast Charging,https://www.cigabuy.com/xiaomi-power-bank-3-30000mah-pb3018zm-3-usb-type-18w-fast-charging-p-19533.html,$34.23,$95.12 
BT01 Smart Watch Body IP68 Waterproof Heart Rate Fitness Tracker,https://www.cigabuy.com/bt01-smart-watch-body-ip68-waterproof-heart-rate-fitness-tracker-p-19466.html,$18.53,$22.76 
USB Blackhead Remover Face Skin Care Deep Pore Cleaner Removal Vacuum Suction,https://www.cigabuy.com/usb-blackhead-remover-face-skin-care-deep-pore-cleaner-removal-vacuum-suction-p-19621.html,$4.93,$18.24 
WIFI 1080P Wireless CCTV Camera Surveillance Night Vision Baby Monitor,https://www.cigabuy.com/wifi-1080p-wireless-cctv-camera-surveillance-night-vision-baby-monitor-p-19580.html,$17.07,$54.97 
Sling Bag Polyhedron Chest Bag Waterproof Shoulder Bag Sports Chest Pack,https://www.cigabuy.com/sling-bag-polyhedron-chest-bag-waterproof-shoulder-bag-sports-chest-pack-p-19471.html,$6.19,$21.03 
Electric Hand Wood Trimmer 6.35mm Laminator Router Woodworking Tool Set,https://www.cigabuy.com/electric-hand-wood-trimmer-635mm-laminator-router-woodworking-tool-set-p-19614.html,$16.44,$100.54 
LED Mosquito Killer Lamp LED Electronic Bug Zapper Energy,https://www.cigabuy.com/led-mosquito-killer-lamp-led-electronic-bug-zapper-energy-p-19629.html,$5.98,$21.03 
ZORO PAUL USB Charging 15 inch Laptop Backpack Men,https://www.cigabuy.com/zoro-paul-usb-charging-15-inch-laptop-backpack-men-p-19526.html,$12.67,$52.61 
Massager USB Charging Knee Pad Support Heated Keep Warm Soft Brace 3 Gears,https://www.cigabuy.com/massager-usb-charging-knee-pad-support-heated-keep-warm-soft-brace-3-gears-p-20153.html,$10.79,$34.34 
Bluetooth 5.0 Audio Receiver Transmitter AUX USB Wireless Adapters Speaker,https://www.cigabuy.com/bluetooth-50-audio-receiver-transmitter-aux-usb-wireless-adapters-speaker-p-20072.html,$3.88,$9.51 
Genuine Leather Man Messenger Bags Vintage Cow Leather Small Shoulder Bag,https://www.cigabuy.com/genuine-leather-man-messenger-bags-vintage-cow-leather-small-shoulder-bag-p-19539.html,$12.88,$47.13 
Xiaomi Mijia 10inch LCD Blackboard Writing Tablet with Pen Digital Drawing Pad,https://www.cigabuy.com/xiaomi-mijia-10inch-lcd-blackboard-writing-tablet-with-pen-digital-drawing-pad-p-18917.html,$10.78,$26.92 
QC3.0 Car charger Car Kit Handsfree Wireless Bluetooth FM Transmitter MP3 Player,https://www.cigabuy.com/qc30-car-charger-car-kit-handsfree-wireless-bluetooth-fm-transmitter-mp3-player-p-19546.html,$6.19,$17.76 
160cm Boxing Punching Bag Inflatable Tumbler Back Sandbag with Air Pump,https://www.cigabuy.com/160cm-boxing-punching-bag-inflatable-tumbler-back-sandbag-with-air-pump-p-19545.html,$8.70,$73.48 
Xiaomi Pinjing Men Electric Shaver Razor 3D USB Rechargeable Washable Razor,https://www.cigabuy.com/xiaomi-pinjing-men-electric-shaver-razor-3d-usb-rechargeable-washable-razor-p-20144.html,$17.28,$55.33 
W15 TWS Wireless Headphones Bluetooth 5.0 For Waterproof Earbuds,https://www.cigabuy.com/w15-tws-wireless-headphones-bluetooth-50-for-waterproof-earbuds-p-19536.html,$10.95,$21.03 
Transparent Anti Droplet Dust-proof Medical Face Shield Face Cover Mask,https://www.cigabuy.com/transparent-anti-droplet-dust-proof-medical-face-shield-face-cover-mask-p-17899.html,$0.94,$2.39 
Electric Rivet Nut Gun Riveting Tool Cordless Riveting Drill Insert Nut Tool,https://www.cigabuy.com/electric-rivet-nut-gun-riveting-tool-cordless-riveting-drill-insert-nut-tool-p-19524.html,$7.02,$21.23 
Wireless Bluetooth Earphone F9 Sports Earphone Gaming Headset LED Power Display,https://www.cigabuy.com/wireless-bluetooth-earphone-f9-sports-earphone-gaming-headset-led-power-display-p-19578.html,$9.74,$21.03 
Bluetooth 5.0 NFC Receiver Stereo Audio Music Support USB Disk TF Card,https://www.cigabuy.com/bluetooth-50-nfc-receiver-stereo-audio-music-support-usb-disk-tf-card-p-19586.html,$6.71,$19.74 
New Designer Leather Belt Men Vintage Pin Buckle Belt Soft Belt 120cm,https://www.cigabuy.com/new-designer-leather-belt-men-vintage-pin-buckle-belt-soft-belt-120cm-p-19585.html,$6.39,$21.03 
Gravity on-Board Bracket Dashboard Alloy Mobile Phone Navigation Bracket,https://www.cigabuy.com/gravity-on-board-bracket-dashboard-alloy-mobile-phone-navigation-bracket-p-19544.html,$4.30,$12.90 
Xiaomi Fun Home Portable Water Vacuum Cup 520ml Outdoor Travel Tea Water Mug,https://www.cigabuy.com/xiaomi-fun-home-portable-water-vacuum-cup-520ml-outdoor-travel-tea-water-mug-p-20075.html,$14.14,$46.14 
USB Wired Gaming Computer game Adjustable Optical Mice Gaming Mouse Ergonomic,https://www.cigabuy.com/usb-wired-gaming-computer-game-adjustable-optical-mice-gaming-mouse-ergonomic-p-19462.html,$4.88,$16.44 
LS Mini WiFi FPV with 0.3MP/5.0/4KMP HD Camera Altitude Hold Mode Foldable Drone,https://www.cigabuy.com/ls-mini-wifi-fpv-with-03mp504kmp-hd-camera-altitude-hold-mode-foldable-drone-p-18910.html,$26.53,$47.92 
UV Light USB Mosquito Killer Lamp Electric Fly Mosquito Trap Anti Mosquito Bug,https://www.cigabuy.com/uv-light-usb-mosquito-killer-lamp-electric-fly-mosquito-trap-anti-mosquito-bug-p-20069.html,,
Wild Man Hard Case Bike Bag Bike Front Beam Bag Tube Waterproof Phone Bag,https://www.cigabuy.com/wild-man-hard-case-bike-bag-bike-front-beam-bag-tube-waterproof-phone-bag-p-19598.html,$7.02,$21.03 
2M1080P Type-C to HDMI Cable USB Lightning Port Adapter Converter,https://www.cigabuy.com/2m1080p-type-to-hdmi-cable-usb-lightning-port-adapter-converter-p-19528.html,$12.26,$21.03 
Car Inverter Intelligent Digital Display Converter Truck Auto Socket Charger,https://www.cigabuy.com/car-inverter-intelligent-digital-display-converter-truck-auto-socket-charger-p-19553.html,,
Tigernu No Key Anti theft TSA Lock Backpacks 15.6inch USB Charging Mochila 18L,https://www.cigabuy.com/tigernu-no-key-anti-theft-tsa-lock-backpacks-156inch-usb-charging-mochila-18l-p-19455.html,$14.98,$72.04 
TWS Wireless Bluetooth 5.0 LED Display Mini Headphones Sports Earphones,https://www.cigabuy.com/tws-wireless-bluetooth-50-led-display-mini-headphones-sports-earphones-p-19639.html,$12.05,$21.03 
115 in 1 Screwdriver Set Multifunctional PC Phone Electronic Device Repair Tools,https://www.cigabuy.com/115-in-1-screwdriver-set-multifunctional-pc-phone-electronic-device-repair-tools-p-18925.html,$7.30,$23.80 
Men Wallets Retro Frosted PU Wallet Two Folding Male Purse Credit Card Holder,https://www.cigabuy.com/men-wallets-retro-frosted-pu-wallet-two-folding-male-purse-credit-card-holder-p-19637.html,$3.00,$9.68 
PU Men's Business Messenger Bag Zipper Hasp Design Open Handbags,https://www.cigabuy.com/pu-mens-business-messenger-bag-zipper-hasp-design-open-handbags-p-19616.html,$8.91,$52.86 
USB C to HDMI Adapter 4K Cable Type C HDMI for USB-C HDMI Adapter,https://www.cigabuy.com/usb-to-hdmi-adapter-4k-cable-type-hdmi-for-usb-hdmi-adapter-p-20073.html,$5.77,$13.06 
G9 E-Sports USB Cable Gaming Mouse 3200DPI Universal Macro Programming Mouse,https://www.cigabuy.com/g9-e-sports-usb-cable-gaming-mouse-3200dpi-universal-macro-programming-mouse-p-19529.html,$5.77,$19.50 
Electric Screwdriver precision Charging electric Drill bit Power Tools,https://www.cigabuy.com/electric-screwdriver-precision-charging-electric-drill-bit-power-tools-p-19005.html,$12.35,$68.18 
Men Waist Pack Waterproof Leg Bag Drop Messenger Shoulder Bags Belt Purse,https://www.cigabuy.com/men-waist-pack-waterproof-leg-bag-drop-messenger-shoulder-bags-belt-purse-p-20074.html,$12.05,$43.39 
TWS Bluetooth 5.0 Earphone True Wireless Earphones In-Ear Stereo Earbuds,https://www.cigabuy.com/tws-bluetooth-50-earphone-true-wireless-earphones-in-ear-stereo-earbuds-p-19473.html,$15.58,$45.12 
8 in1 Digital LCD Car Tire Gauge Portable Car Tire Relief Valve Compass,https://www.cigabuy.com/8-in1-digital-lcd-car-tire-gauge-portable-car-tire-relief-valve-compass-p-19642.html,$8.28,$20.88 
BD03 Bluetooth Speakers Portable Wireless Loudspeaker Sound Stereo,https://www.cigabuy.com/bd03-bluetooth-speakers-portable-wireless-loudspeaker-sound-stereo-p-19579.html,$10.37,$50.51 
66 in 1 Screwdriver Sets Multifunctional Precision Hand Repair Tools,https://www.cigabuy.com/66-in-1-screwdriver-sets-multifunctional-precision-hand-repair-tools-p-19259.html,$7.66,$50.68 
TWS Wireless Bluetooth Headphones Stereo Waterproof Earphones With Mic Headset,https://www.cigabuy.com/tws-wireless-bluetooth-headphones-stereo-waterproof-earphones-with-mic-headset-p-19547.html,$14.98,$21.23 
"Cevapro Cycling Gloves, Touchscreen Winter Gloves Thicken Warm Gloves",https://www.cigabuy.com/cevapro-cycling-gloves-touchscreen-winter-gloves-thicken-warm-gloves-p-15269.html,$3.88,$19.94 
Charging Car TPMS Tire Pressure Monitoring System HD Digital LCD Display,https://www.cigabuy.com/charging-car-tpms-tire-pressure-monitoring-system-hd-digital-lcd-display-p-19454.html,$53.70,$128.01 
H50 Smart Watch Blood Pressure Heart Rate Monitor IP67 Waterproof Bracelet,https://www.cigabuy.com/h50-smart-watch-blood-pressure-heart-rate-monitor-ip67-waterproof-bracelet-p-19464.html,$13.30,$20.09 
5.0 Wireless Headphones TWS LED Display 9D Stereo Sports Headphone,https://www.cigabuy.com/50-wireless-headphones-tws-led-display-9d-stereo-sports-headphone-p-19538.html,$14.14,$21.19 
Philips M8 Tablet Quad Core 3+32GB 2MP + 5MP Cameras Dual Band 2.4G +5G WiFi,https://www.cigabuy.com/philips-m8-tablet-quad-core-332gb-2mp-5mp-cameras-dual-band-24g-5g-wifi-p-20015.html,$126.32,$243.61 
Zeodo ZD5000 20W Mini Electric Grinder Set DIY USB 3.7V DC Variable Speed Rotary,https://www.cigabuy.com/zeodo-zd5000-20w-mini-electric-grinder-set-diy-usb-37v-dc-variable-speed-rotary-p-19218.html,$10.54,$30.41 
Women Canvas Bucket Bags Solid Color Cross Body Bag Single-Shoulder Bag Handbag,https://www.cigabuy.com/women-canvas-bucket-bags-solid-color-cross-body-bag-single-shoulder-bag-handbag-p-15323.html,$1.14,$17.18 
Wireless Headphones Bluetooth 5.0 Foldable Stereo Adjustable Earphones,https://www.cigabuy.com/wireless-headphones-bluetooth-50-foldable-stereo-adjustable-earphones-p-19325.html,$8.42,$22.90 
Xiaomi ENCHEN Sharp3S Men's Electric Hair Clipper USB Rechargeable Hair Trimmer,https://www.cigabuy.com/xiaomi-enchen-sharp3s-mens-electric-hair-clipper-usb-rechargeable-hair-trimmer-p-18990.html,$13.96,$29.06 
Alarm Clock Intelligent Switch with Voice-controlled Night Light Clock,https://www.cigabuy.com/alarm-clock-intelligent-switch-with-voice-controlled-night-light-clock-p-19609.html,$11.42,$43.50 
USB LED Flashlight Rechargeable LED Torch Zoom XPE for Outdoor Bicycle Hiking,https://www.cigabuy.com/usb-led-flashlight-rechargeable-led-torch-zoom-xpe-for-outdoor-bicycle-hiking-p-18829.html,$2.15,$4.30 
EDUP USB Wifi Adapter Band Wirelss Network Card Antenna USB WiFi Dongle,https://www.cigabuy.com/edup-usb-wifi-adapter-band-wirelss-network-card-antenna-usb-wifi-dongle-p-19591.html,$13.93,$21.19 
Ozone Generator Machine Fruit & Vegetable Cleaning Machine Detoxification Ozone,https://www.cigabuy.com/ozone-generator-machine-fruit-vegetable-cleaning-machine-detoxification-ozone-p-20151.html,$21.67,$118.69 
Women PU Leather Crossbody Bags Small Handbags Chain Shoulder Messenger Bag,https://www.cigabuy.com/women-pu-leather-crossbody-bags-small-handbags-chain-shoulder-messenger-bag-p-19181.html,$4.14,$18.89 
All-Metal Automobile Safety Hammer Fire Emergency Escape Hammer Breaking Machine,https://www.cigabuy.com/all-metal-automobile-safety-hammer-fire-emergency-escape-hammer-breaking-machine-p-19592.html,$5.56,$21.03 
Xiaomi Mijia 13.5inch LCD Blackboard Writing Tablet with Pen Digital Drawing Pad,https://www.cigabuy.com/xiaomi-mijia-135inch-lcd-blackboard-writing-tablet-with-pen-digital-drawing-pad-p-18918.html,$20.30,$55.26 
Retractable Stool Folding Chair Superhard High Load Outdoor Camping Chair,https://www.cigabuy.com/retractable-stool-folding-chair-superhard-high-load-outdoor-camping-chair-p-20016.html,$8.38,$72.95 
TWS4 Bluetooth 5.0 Wireless Headphones Touch Mini In-Ear Buds w Charging Bin,https://www.cigabuy.com/tws4-bluetooth-50-wireless-headphones-touch-mini-in-ear-buds-w-charging-bin-p-18788.html,$6.81,$13.93 
Trail Hunting Camera Surveillance Version Wildlife Scouting Cameras,https://www.cigabuy.com/trail-hunting-camera-surveillance-version-wildlife-scouting-cameras-p-19029.html,$22.13,$45.27 
Joinrun S19 Bluetooth Speaker Column Wireless Portable Sound Box,https://www.cigabuy.com/joinrun-s19-bluetooth-speaker-column-wireless-portable-sound-box-p-19261.html,$16.08,$54.49 
Camping Cookware Kit Outdoor Cooking Set Water Kettle Pan Pot Travelling Hiking,https://www.cigabuy.com/camping-cookware-kit-outdoor-cooking-set-water-kettle-pan-pot-travelling-hiking-p-19534.html,$20.63,$91.67 
30L Car Organizer Storage Box Folding Storage Container Travel Sundry Trunk Box,https://www.cigabuy.com/30l-car-organizer-storage-box-folding-storage-container-travel-sundry-trunk-box-p-19627.html,$4.51,$62.53 
5-in-1 Multi-Functional Mini Handheld Car Air Pump,https://www.cigabuy.com/5-in-1-multi-functional-mini-handheld-car-air-pump-p-14854.html,$4.34,$29.03 
Men's Body Shaper Slimming Shirt Elastic Sculpting Vest Compression Shapewear,https://www.cigabuy.com/mens-body-shaper-slimming-shirt-elastic-sculpting-vest-compression-shapewear-p-13662.html,$2.02,$3.08 
Baellerry Mens Wallets Long Zipper Leisure Hand Package Soft Texture Purse,https://www.cigabuy.com/baellerry-mens-wallets-long-zipper-leisure-hand-package-soft-texture-purse-p-19601.html,$3.78,$16.75 
Bone Conduction Bluetooth Earphones 5.0 Wireless Bluetooth Earphone,https://www.cigabuy.com/bone-conduction-bluetooth-earphones-50-wireless-bluetooth-earphone-p-19640.html,$11.84,$21.03 
Strong Light LED Flashlight Multifunctional Outdoor Lighting USB Charging,https://www.cigabuy.com/strong-light-led-flashlight-multifunctional-outdoor-lighting-usb-charging-p-19247.html,$4.89,$15.77 
Multifunction Crossbody Bag for Men Anti-theft Shoulder Messenger Chest Bag,https://www.cigabuy.com/multifunction-crossbody-bag-for-men-anti-theft-shoulder-messenger-chest-bag-p-19045.html,$10.31,$48.62 
Car Windscreen Cover Sunshade Ice and Frost Guard,https://www.cigabuy.com/car-windscreen-cover-sunshade-ice-and-frost-guard-p-14668.html,$2.13,$17.53 
52-In-1 Screwdriver Multi-Function Manual Screwdriver Combination Repair Kit,https://www.cigabuy.com/52-in-1-screwdriver-multi-function-manual-screwdriver-combination-repair-kit-p-19262.html,$4.25,$20.88 
Kingsons Backpack Fit 15inch Laptop USB Multi-layer Space Waterproof Mochila,https://www.cigabuy.com/kingsons-backpack-fit-15inch-laptop-usb-multi-layer-space-waterproof-mochila-p-20158.html,$55.16,$165.49 
16.8V Electric Screwdriver Charging electric Drill bit Cordless drill Power Tool,https://www.cigabuy.com/168v-electric-screwdriver-charging-electric-drill-bit-cordless-drill-power-tool-p-19004.html,$16.11,$72.65 
T9 47-Key Gaming Keyboard Professional One-Single Hand USB Wired Keyboards,https://www.cigabuy.com/t9-47-key-gaming-keyboard-professional-one-single-hand-usb-wired-keyboards-p-18928.html,$7.08,$24.37 
KINSACH L2 Strong Light Torches Brightness 2000 Lumens Charging Flashlight,https://www.cigabuy.com/kinsach-l2-strong-light-torches-brightness-2000-lumens-charging-flashlight-p-18831.html,$7.78,$15.57 
Xiaomi MiJia PULIN Sonic Vibration Electric Shoes Brush IPX7 Waterproof,https://www.cigabuy.com/xiaomi-mijia-pulin-sonic-vibration-electric-shoes-brush-ipx7-waterproof-p-19600.html,$17.49,$44.03 
Automatic Stirring Mug Mixing Porcelain Mug Thermal Insulated Smart Cup,https://www.cigabuy.com/automatic-stirring-mug-mixing-porcelain-mug-thermal-insulated-smart-cup-p-19610.html,$19.37,$58.86 
Mini Auto Range Digital Multimeter Tester AC DC Ammeter Voltmeter Voltage Meter,https://www.cigabuy.com/mini-auto-range-digital-multimeter-tester-ac-dc-ammeter-voltmeter-voltage-meter-p-19254.html,$9.68,$29.41 
Hot Full Screen 0-150mm Vernier Caliper Gauge Micrometer Ruler Accurate Tools,https://www.cigabuy.com/hot-full-screen-0-150mm-vernier-caliper-gauge-micrometer-ruler-accurate-tools-p-19016.html,$7.44,$19.03 
Men Shaper Corset for Weight Loss with Zipper Waist Vest Workout Shirt,https://www.cigabuy.com/men-shaper-corset-for-weight-loss-with-zipper-waist-vest-workout-shirt-p-19043.html,$3.32,$17.39 
48-LED Outdoor Motion Sensor Solar Lights,https://www.cigabuy.com/48-led-outdoor-motion-sensor-solar-lights-p-17572.html,,
Giant Headset Speaker Bluetooth Earphone Mode Wireless Portable Speaker,https://www.cigabuy.com/giant-headset-speaker-bluetooth-earphone-mode-wireless-portable-speaker-p-18936.html,$5.14,$19.76 
Sunglasses Bluetooth 5.0 Earphone Headset X8S Headphones Smart Glasses,https://www.cigabuy.com/sunglasses-bluetooth-50-earphone-headset-x8s-headphones-smart-glasses-p-19313.html,$5.64,$19.13 
Bicycle Front Tube Pack Waterproof Electric Eva Hard Shell Balance Car Front Bag,https://www.cigabuy.com/bicycle-front-tube-pack-waterproof-electric-eva-hard-shell-balance-car-front-bag-p-19599.html,$8.91,$21.03 
5 LEDs USB Rechargeable Bike Cycling Tail Light,https://www.cigabuy.com/5-leds-usb-rechargeable-bike-cycling-tail-light-p-11703.html,$1.15,$8.10 
1-2 Person Outdoor Camping Hiking Picnic Pot Set Portable Tableware Mess Cooking,https://www.cigabuy.com/1-2-person-outdoor-camping-hiking-picnic-pot-set-portable-tableware-mess-cooking-p-19535.html,$7.55,$45.12 
Men Handbags Large Capacity Casual Street Trend Single Shoulder Bag,https://www.cigabuy.com/men-handbags-large-capacity-casual-street-trend-single-shoulder-bag-p-19617.html,$12.26,$81.78 
HOCO B12 Wholesale Multi-function Type-C to 4 in 1 USB 3.0 OTG Adapter,https://www.cigabuy.com/hoco-b12-wholesale-multi-function-type-to-4-in-1-usb-30-otg-adapter-p-19636.html,$15.19,$21.19 
Roaster Sandwich Maker Bread Oven Electric Grill Meat Steak Hamburger Machine,https://www.cigabuy.com/roaster-sandwich-maker-bread-oven-electric-grill-meat-steak-hamburger-machine-p-20152.html,$8.70,$73.48 
20pcs Strong BBQ Kit BBQ Tools Camp Shovel Cooking Roast Fork Stainless Steel,https://www.cigabuy.com/20pcs-strong-bbq-kit-bbq-tools-camp-shovel-cooking-roast-fork-stainless-steel-p-20154.html,$8.70,$75.66 
Retro Bluetooth speaker Powerful portable speakers Mini Wireless Speaker Stereo,https://www.cigabuy.com/retro-bluetooth-speaker-powerful-portable-speakers-mini-wireless-speaker-stereo-p-19417.html,$6.94,$23.02 
Baellerry Mini Pop Up Rfid Wallet Men Slim PU Leather Business Credit Card,https://www.cigabuy.com/baellerry-mini-pop-up-rfid-wallet-men-slim-pu-leather-business-credit-card-p-19203.html,$3.29,$9.14 
ThiEYE i60+ 4K WiFi Remote Control Action Camera Biking Diving Sport Camera,https://www.cigabuy.com/thieye-i60-4k-wifi-remote-control-action-camera-biking-diving-sport-camera-p-18919.html,$52.32,$117.03 
LED Beanie Cap LED Hands Free Flashlight Install Quick Release Headlamp ,https://www.cigabuy.com/led-beanie-cap-led-hands-free-flashlight-install-quick-release-headlamp-p-14662.html,$2.76,$13.02 
Faster Lawn Mower Sharpener Lawnmower Blade Sharpener Rotary,https://www.cigabuy.com/faster-lawn-mower-sharpener-lawnmower-blade-sharpener-rotary-p-19014.html,$0.96,$4.80 
Woodworking Scribe T-type Ruler Hole Scribing ruler Gauge DIY Measuring Tool,https://www.cigabuy.com/woodworking-scribe-t-type-ruler-hole-scribing-ruler-gauge-diy-measuring-tool-p-20070.html,$13.93,$31.83 
Baellerry Men Wallet Luxury Long Clutch Handy Bag Male PU Leather Purse,https://www.cigabuy.com/baellerry-men-wallet-luxury-long-clutch-handy-bag-male-pu-leather-purse-p-20149.html,$5.45,$22.21 
7pcs Dinnerware Set Travel Camping Cutlery Set Reusable with Straw Spoon Fork,https://www.cigabuy.com/7pcs-dinnerware-set-travel-camping-cutlery-set-reusable-with-straw-spoon-fork-p-20155.html,$4.74,$23.45 
Glass Bottle Cutter Tool Professional For Bottles Cutting Glass Cut Tools ,https://www.cigabuy.com/glass-bottle-cutter-tool-professional-for-bottles-cutting-glass-cut-tools-p-18988.html,$2.46,$8.69 
Mouse Colorful Backlit Keyboard Wired USB Ergonomic Keyboards and Mouse,https://www.cigabuy.com/mouse-colorful-backlit-keyboard-wired-usb-ergonomic-keyboards-and-mouse-p-18841.html,$4.97,$9.93 
4pcs Motorcycle Knee & Elbow Protective Pads Motocross Skating Knee Protectors,https://www.cigabuy.com/4pcs-motorcycle-knee-elbow-protective-pads-motocross-skating-knee-protectors-p-19040.html,$8.48,$42.33 
3 Port 4K*2K 1080P Switcher HDMI Switch Selector 3x1 Splitter Box Ultra HD,https://www.cigabuy.com/3-port-4k2k-1080p-switcher-hdmi-switch-selector-3x1-splitter-box-ultra-hd-p-19023.html,$3.51,$9.49 
Hanging Neck Mini Fan Cooler Small Fan Handheld USB Rechargeable,https://www.cigabuy.com/hanging-neck-mini-fan-cooler-small-fan-handheld-usb-rechargeable-p-20071.html,$7.86,$22.02 
L18 Smart Wristband Heart Rate Monitor Blood Pressure Oxygen Smart Bracelet,https://www.cigabuy.com/l18-smart-wristband-heart-rate-monitor-blood-pressure-oxygen-smart-bracelet-p-19807.html,,
SOKI Sport Watches Leather Strap Quartz Casual Business Male Wristwatches,https://www.cigabuy.com/soki-sport-watches-leather-strap-quartz-casual-business-male-wristwatches-p-19242.html,$2.86,$7.80 
Car Radio Stereo Player Bluetooth Phone AUX-IN MP3 Car Audio Auto,https://www.cigabuy.com/car-radio-stereo-player-bluetooth-phone-aux-in-mp3-car-audio-auto-p-19284.html,,
USB Anti-theft Gym Backpack Bags Fitness Gymtas Bag for Men Training Sports,https://www.cigabuy.com/usb-anti-theft-gym-backpack-bags-fitness-gymtas-bag-for-men-training-sports-p-19192.html,$8.73,$42.33 
2000W Electric Heat Gun Adjust 150 To 550 Degree Industrial Hot Air Gun,https://www.cigabuy.com/2000w-electric-heat-gun-adjust-150-to-550-degree-industrial-hot-air-gun-p-19238.html,$8.09,$51.90 
Mechanical Wired Mouse Adjustable Macro Definition Gaming Mouse Gamer,https://www.cigabuy.com/mechanical-wired-mouse-adjustable-macro-definition-gaming-mouse-gamer-p-19225.html,$12.45,$31.54 
TWS Bluetooth Earphone Mini Wireless Bluetooth Headset Waterproof,https://www.cigabuy.com/tws-bluetooth-earphone-mini-wireless-bluetooth-headset-waterproof-p-19008.html,$10.16,$24.79 
Foldable Hanging Toiletry Bag,https://www.cigabuy.com/foldable-hanging-toiletry-bag-p-15418.html,$1.52,$15.46 
BARNOROO Men Shoulder Bag Set Messenger Bags Casual,https://www.cigabuy.com/barnoroo-men-shoulder-bag-set-messenger-bags-casual-p-19525.html,$9.95,$46.85 
Camera Finder Vibration Alarm Mini Compass Shock Sensor Anti - Spy Detector,https://www.cigabuy.com/camera-finder-vibration-alarm-mini-compass-shock-sensor-anti-spy-detector-p-19641.html,$21.25,$46.69 
WinAPEX ET8138/8136 Touch Screen Multimeter Digital Automatic NCV Tester,https://www.cigabuy.com/winapex-et81388136-touch-screen-multimeter-digital-automatic-ncv-tester-p-19419.html,$31.09,$70.67 
TWS F9 Bluetooth Earphone Touch Wireless Headphones 8D Stereo Sports Earbuds,https://www.cigabuy.com/tws-f9-bluetooth-earphone-touch-wireless-headphones-8d-stereo-sports-earbuds-p-19025.html,$9.34,$23.87 
Bluetooth 5.0 Receiver Transmitter LCD Display 3.5mm AUX Jack,https://www.cigabuy.com/bluetooth-50-receiver-transmitter-lcd-display-35mm-aux-jack-p-18785.html,$4.75,$11.41 
Original Xiaomi Piston Fresh Edition Earphone Headphone with Mic,https://www.cigabuy.com/original-xiaomi-piston-fresh-edition-earphone-headphone-with-mic-p-19826.html,,
2.4GHz Wireless Optical Mouse Mice w/ Receiver for MacBook/ Laptop,https://www.cigabuy.com/24ghz-wireless-optical-mouse-mice-w-receiver-for-macbook-laptop-p-19766.html,,
Men Cycling Underwear Bicycle Mountain Shorts Riding Bike Sport Underwear,https://www.cigabuy.com/men-cycling-underwear-bicycle-mountain-shorts-riding-bike-sport-underwear-p-18937.html,$2.57,$13.39 
12V 2A Regulation Power Adapter EU Plug Supply Switching Power Monitoring,https://www.cigabuy.com/12v-2a-regulation-power-adapter-eu-plug-supply-switching-power-monitoring-p-14872.html,$1.13,$8.28 
60pc Mini Electric Grinder / DC12V Mini Electric Grinder / Micro Small Electric,https://www.cigabuy.com/60pc-mini-electric-grinder-dc12v-mini-electric-grinder-micro-small-electric-p-18661.html,,
K680 Rechargeable Wireless Gaming Keyboard and Mouse Set With LED Kit Combos,https://www.cigabuy.com/k680-rechargeable-wireless-gaming-keyboard-and-mouse-set-with-led-kit-combos-p-18926.html,$23.74,$67.35 
Mini Foldable Handle Hair Dryer Portable Folding Blow Dryer Low Noise,https://www.cigabuy.com/mini-foldable-handle-hair-dryer-portable-folding-blow-dryer-low-noise-p-15431.html,$2.47,$19.94 
NAVIFORCE 9171 Men Digital Watch LED Sport Military Quartz Wristwatch,https://www.cigabuy.com/naviforce-9171-men-digital-watch-led-sport-military-quartz-wristwatch-p-19217.html,$17.89,$53.19 
i7 TWS Bluetooth V5.0 Earphones with Charging Case,https://www.cigabuy.com/i7-tws-bluetooth-v50-earphones-with-charging-case-p-19748.html,,
10 pcs Snore Stopper Silicone Nose Clip Sleeping Device Nasal Dilators,https://www.cigabuy.com/10-pcs-snore-stopper-silicone-nose-clip-sleeping-device-nasal-dilators-p-18895.html,,
6PCS Ear Wax Removal Tool Stainless Steel Earpick Ear Cleaner Spoon Ear Care,https://www.cigabuy.com/6pcs-ear-wax-removal-tool-stainless-steel-earpick-ear-cleaner-spoon-ear-care-p-19223.html,$0.95,$7.96 
Semiconductor Radiator Cooling Fan Bracket DL02 Refrigeration Radiator,https://www.cigabuy.com/semiconductor-radiator-cooling-fan-bracket-dl02-refrigeration-radiator-p-19478.html,$11.63,$21.03 
2020 Water Bags For Outdoor Solar Hiking Camping Shower Bag 20L,https://www.cigabuy.com/2020-water-bags-for-outdoor-solar-hiking-camping-shower-bag-20l-p-19488.html,,
TWS Bluetooth Earphone with Fingerprint Touch Led Display Headset Earbuds,https://www.cigabuy.com/tws-bluetooth-earphone-with-fingerprint-touch-led-display-headset-earbuds-p-19602.html,$11.63,$21.19 
Xiaomi Deerma Handheld Garment Steamer 220V Foldable Electric Steam Iron,https://www.cigabuy.com/xiaomi-deerma-handheld-garment-steamer-220v-foldable-electric-steam-iron-p-20157.html,$28.58,$93.83 
RGB T10 5050 6SMD Auto Remote Controlled Colorful Led Lamp Strobe Light,https://www.cigabuy.com/rgb-t10-5050-6smd-auto-remote-controlled-colorful-led-lamp-strobe-light-p-17593.html,,
5L Outdoor Military Tactical Waist Bag Waterproof Nylon Camping Hiking Backpa,https://www.cigabuy.com/5l-outdoor-military-tactical-waist-bag-waterproof-nylon-camping-hiking-backpa-p-13665.html,,
Women's Screen Gloves Warm Lined Thick Touch Warmer Winter Gloves,https://www.cigabuy.com/womens-screen-gloves-warm-lined-thick-touch-warmer-winter-gloves-p-15270.html,$1.58,$10.61 
Throttle Mounted Motorcycle Cruise Assist Hand Rest Control Grips Handlebar,https://www.cigabuy.com/throttle-mounted-motorcycle-cruise-assist-hand-rest-control-grips-handlebar-p-17162.html,,
Original Xiaomi Mijia Electric Screwdriver With 12Pcs S2 Screw Bits 3.6V 2000mah,https://www.cigabuy.com/original-xiaomi-mijia-electric-screwdriver-with-12pcs-s2-screw-bits-36v-2000mah-p-19264.html,$40.37,$74.48 
JAKEMY 69 IN 1 Precision Magnetic Screwdriver Set Spudger Pry Opening Tools,https://www.cigabuy.com/jakemy-69-in-1-precision-magnetic-screwdriver-set-spudger-pry-opening-tools-p-19243.html,$11.92,$50.22 
Men Genuine Leather Strap Male Belts for New Classic Vintage Pin Buckle Strap,https://www.cigabuy.com/men-genuine-leather-strap-male-belts-for-new-classic-vintage-pin-buckle-strap-p-19224.html,$4.46,$15.93 
Smart Wristband Screen Tracker Bracelet Pedometer Smart Watch Heart Rate Monitor,https://www.cigabuy.com/smart-wristband-screen-tracker-bracelet-pedometer-smart-watch-heart-rate-monitor-p-19253.html,$18.53,$28.18 
1/2/4 pcs YWXLIGHT 220-240V 24W 1920LM SMD 5730 Octagonal LED Ceiling Lamp,https://www.cigabuy.com/124-pcs-ywxlight-220-240v-24w-1920lm-smd-5730-octagonal-led-ceiling-lamp-p-17583.html,,
2.4GHz 1600dpi Wireless Optical Mouse Mice,https://www.cigabuy.com/24ghz-1600dpi-wireless-optical-mouse-mice-p-14955.html,$2.60,$6.48 
Purse for Men Wallet Short Leather Male Small Wallet Card Holder Soft,https://www.cigabuy.com/purse-for-men-wallet-short-leather-male-small-wallet-card-holder-soft-p-19237.html,$2.44,$8.80 
Mini USB Rechargeable LED Flashlight Waterproof Torch with Keychain,https://www.cigabuy.com/mini-usb-rechargeable-led-flashlight-waterproof-torch-with-keychain-p-17526.html,,
Cotton Scarf Women Solid Color Fringed Scarf,https://www.cigabuy.com/cotton-scarf-women-solid-color-fringed-scarf-p-15423.html,$4.86,$20.87 
Baellerry Mens Short Wallet Vintage Style Fold Purses Zipper Coin Purse,https://www.cigabuy.com/baellerry-mens-short-wallet-vintage-style-fold-purses-zipper-coin-purse-p-19209.html,$2.65,$10.33 
Baellerry Men Wallets PU Leather Solid Luxury Slim Short Credit Card Holder,https://www.cigabuy.com/baellerry-men-wallets-pu-leather-solid-luxury-slim-short-credit-card-holder-p-19009.html,$1.17,$7.05 
64GB USB 2.0 Flash Drive USB Pen Drive U Disk,https://www.cigabuy.com/64gb-usb-20-flash-drive-usb-pen-drive-u-disk-p-19730.html,,
Kingsons Style Men's Business Backpack Derm Backpack Men's Computer Bag,https://www.cigabuy.com/kingsons-style-mens-business-backpack-derm-backpack-mens-computer-bag-p-19415.html,$21.25,$68.27 
HDMI Switcher Five Cut One 4K * 2K Hd Security Video Switcher 5 In 1,https://www.cigabuy.com/hdmi-switcher-five-cut-one-4k-2k-hd-security-video-switcher-5-in-1-p-19260.html,$3.93,$11.66 
Digital Desk Clock with Calendar & Alarm & Day & Temperature,https://www.cigabuy.com/digital-desk-clock-with-calendar-alarm-day-temperature-p-19753.html,$2.88,$10.20 
W16 TWS In-ear Bluetooth Earphone Digital Display Touch Wireless Earbuds,https://www.cigabuy.com/w16-tws-in-ear-bluetooth-earphone-digital-display-touch-wireless-earbuds-p-19482.html,$11.06,$20.09 
Cartoon Cat Kids Camera 3.5 inch HD 1080P Children Digital Photo Camera Toy,https://www.cigabuy.com/cartoon-cat-kids-camera-35-inch-hd-1080p-children-digital-photo-camera-toy-p-19605.html,$10.79,$21.03 
Wireless Earphones TWS Wireless Bluetooth 5.0 LED Display Waterproof Headphone,https://www.cigabuy.com/wireless-earphones-tws-wireless-bluetooth-50-led-display-waterproof-headphone-p-19734.html,,
LED Flashlight USB Rechargeable Linterna Waterproof Lamp Ultra Bright,https://www.cigabuy.com/led-flashlight-usb-rechargeable-linterna-waterproof-lamp-ultra-bright-p-18715.html,$17.30,$21.62 
Retro Large Backpack Women PU Leather Shoulder School Travel Bags,https://www.cigabuy.com/retro-large-backpack-women-pu-leather-shoulder-school-travel-bags-p-19188.html,$7.55,$53.77 
1/2 pcs Magnetic Therapy Posture Corrector Brace Shoulder Back Support Belt,https://www.cigabuy.com/12-pcs-magnetic-therapy-posture-corrector-brace-shoulder-back-support-belt-p-12305.html,$1.83,$13.18 
5500dpi Optical USB Wired LED Gaming Mouse DPI Adjustable,https://www.cigabuy.com/5500dpi-optical-usb-wired-led-gaming-mouse-dpi-adjustable-p-19759.html,,
WEIXIER Men Shoulder Bag Soft PU Leather Material Fashion Casual Bag,https://www.cigabuy.com/weixier-men-shoulder-bag-soft-pu-leather-material-fashion-casual-bag-p-19191.html,$7.13,$39.92 
Baellerry Men Wallets Short Male Purse With Coin Pocket Card Holder Wallet,https://www.cigabuy.com/baellerry-men-wallets-short-male-purse-with-coin-pocket-card-holder-wallet-p-19236.html,$3.08,$9.91 
Men Shoulder Bag iPad Large PU Leather Crossbody Business Travel Handbag,https://www.cigabuy.com/men-shoulder-bag-ipad-large-pu-leather-crossbody-business-travel-handbag-p-19033.html,$6.65,$36.22 
28 Pcs Carving Soldering Iron Electric Marking Pen Suit,https://www.cigabuy.com/28-pcs-carving-soldering-iron-electric-marking-pen-suit-p-19197.html,$7.55,$25.39 
1 Bottle Chlorine Dioxide Effervescent Tablet Disinfection Tablet,https://www.cigabuy.com/1-bottle-chlorine-dioxide-effervescent-tablet-disinfection-tablet-p-17769.html,,
Regular Coarse Replacement Refill Roller f Amope Pedi Electronic Foot File,https://www.cigabuy.com/regular-coarse-replacement-refill-roller-f-amope-pedi-electronic-foot-file-p-17184.html,,
Xiaomi Mijia LED Night Light Sensor Night Lamp For Home Bedroom US Plug,https://www.cigabuy.com/xiaomi-mijia-led-night-light-sensor-night-lamp-for-home-bedroom-us-plug-p-18915.html,$3.75,$8.60 
X9 Plus Smart Bracelet Metal Band Oximeter Blood Pressure Monitor,https://www.cigabuy.com/x9-plus-smart-bracelet-metal-band-oximeter-blood-pressure-monitor-p-19745.html,,
PU Leather RFID Men Wallet with Card Holder Luxury Short Zipper Purse,https://www.cigabuy.com/pu-leather-rfid-men-wallet-with-card-holder-luxury-short-zipper-purse-p-19210.html,$5.74,$12.94 
2 in 1 Car Ice Water Scraper Snow Removal Hand Automotive Tool Snow Brush,https://www.cigabuy.com/2-in-1-car-ice-water-scraper-snow-removal-hand-automotive-tool-snow-brush-p-17534.html,,
Xiaomi Mijia Zhirui E27 5W 500LM White LED Globe Light Bulb,https://www.cigabuy.com/xiaomi-mijia-zhirui-e27-5w-500lm-white-led-globe-light-bulb-p-19810.html,,
Xiaomi DUKA(Atuman) Little Q Ruler Tape HD LCD Screen Long Standby Rechargeable,https://www.cigabuy.com/xiaomi-dukaatuman-little-q-ruler-tape-hd-lcd-screen-long-standby-rechargeable-p-19001.html,$15.46,$26.56 
2.4GHz Wireless 1200 DPI Optical Mouse Mice w/ USB 2.0 Receiver,https://www.cigabuy.com/24ghz-wireless-1200-dpi-optical-mouse-mice-w-usb-20-receiver-p-19757.html,,
SPA Function Hair Care Enhance Pressure Water Saving Water Filter Shower Head,https://www.cigabuy.com/spa-function-hair-care-enhance-pressure-water-saving-water-filter-shower-head-p-15320.html,$1.65,$16.94 
Universal G30 HIFI Bluetooth Car Audio Power Amplifier FM Radio Player,https://www.cigabuy.com/universal-g30-hifi-bluetooth-car-audio-power-amplifier-fm-radio-player-p-19282.html,,
QCY T5S TWS bluetooth Earphone Gaming Headphone PAU160X Game Chip Touch Headset,https://www.cigabuy.com/qcy-t5s-tws-bluetooth-earphone-gaming-headphone-pau160x-game-chip-touch-headset-p-18992.html,$26.53,$49.04 
Men's Shaper Tummy Tank Top Slimming Vest Weight Loss Shapewear Neoprene No Zip,https://www.cigabuy.com/mens-shaper-tummy-tank-top-slimming-vest-weight-loss-shapewear-neoprene-no-zip-p-17039.html,$1.77,$16.25 
Adjustable Warming Shoulder Care Support Brace Breathable Single Side Shoulder,https://www.cigabuy.com/adjustable-warming-shoulder-care-support-brace-breathable-single-side-shoulder-p-12360.html,$1.87,$18.48 
Hand Cranking Solar Powered Rechargeable Quick Snap Clip Flashlight,https://www.cigabuy.com/hand-cranking-solar-powered-rechargeable-quick-snap-clip-flashlight-p-18828.html,$5.18,$10.37 
3.5mm In-Ear Sport Running Portable Piston Earphone Headset with Microphone,https://www.cigabuy.com/35mm-in-ear-sport-running-portable-piston-earphone-headset-with-microphone-p-19774.html,,
Adjustable Posture Corrector Back Support Shoulder Lumbar Brace Support Corset,https://www.cigabuy.com/adjustable-posture-corrector-back-support-shoulder-lumbar-brace-support-corset-p-19226.html,$3.29,$14.72 
Zippered Nylon Mesh Clothes Washing Bag,https://www.cigabuy.com/zippered-nylon-mesh-clothes-washing-bag-p-15594.html,$0.61,$5.05 
Rapid Speed Jump Rope Crossfit Excercise Fitness Workout Equipments Skipping,https://www.cigabuy.com/rapid-speed-jump-rope-crossfit-excercise-fitness-workout-equipments-skipping-p-19010.html,$1.49,$13.61 
S36 Earphone Heavy Bass In-Ear Earphones Music Headset Microphone 3.5mm,https://www.cigabuy.com/s36-earphone-heavy-bass-in-ear-earphones-music-headset-microphone-35mm-p-19796.html,,
8 Slots Lcd Display Usb Smart Battery Charger For Rechargeable Battery,https://www.cigabuy.com/8-slots-lcd-display-usb-smart-battery-charger-for-rechargeable-battery-p-18996.html,$11.49,$19.56 
Nylon Men Chest Rucksack Bag Military Casual Male Cross Body Bag,https://www.cigabuy.com/nylon-men-chest-rucksack-bag-military-casual-male-cross-body-bag-p-19486.html,,
Deli Office Pen Container Small Objects Storage Box Multifunctional Organizer,https://www.cigabuy.com/deli-office-pen-container-small-objects-storage-box-multifunctional-organizer-p-20017.html,$6.02,$65.08 
UV Protect Car Styling Front Window Sunshade Windshield Film Foldable,https://www.cigabuy.com/uv-protect-car-styling-front-window-sunshade-windshield-film-foldable-p-16997.html,$0.32,$10.08 
Wireless Bluetooth 5.0 Earphone Touch Control Headphones TWS Earbuds,https://www.cigabuy.com/wireless-bluetooth-50-earphone-touch-control-headphones-tws-earbuds-p-19035.html,$9.55,$24.92 
Langsdom In-ear Stereo 3.5mm Noise Isolation Earbuds with Mic,https://www.cigabuy.com/langsdom-in-ear-stereo-35mm-noise-isolation-earbuds-with-mic-p-19741.html,,
CURREN 8225 Japan Movt Calendar Life Waterproof Men Quartz Watch,https://www.cigabuy.com/curren-8225-japan-movt-calendar-life-waterproof-men-quartz-watch-p-19721.html,,
10 x Detachable Baseball Protective Clear Face mask Cap Anti-Splash Hat,https://www.cigabuy.com/10-x-detachable-baseball-protective-clear-face-mask-cap-anti-splash-hat-p-18116.html,$8.59,$17.91 
Adjustable Intelligent Posture Trainer Smart Posture Corrector Suport,https://www.cigabuy.com/adjustable-intelligent-posture-trainer-smart-posture-corrector-suport-p-19190.html,$11.50,$30.17 
Adjustable M3-M8 T-Handle Ratchet Tap Wrench Machinist Tool,https://www.cigabuy.com/adjustable-m3-m8-t-handle-ratchet-tap-wrench-machinist-tool-p-19027.html,$3.21,$15.54 
X96Q Android 10.0 TV Box Quad Core Allwinner H313 4K TV Box 1GB RAM 8GB ROM,https://www.cigabuy.com/x96q-android-100-tv-box-quad-core-allwinner-h313-4k-tv-box-1gb-ram-8gb-rom-p-18998.html,$16.54,$41.80 
XINEW Leather Band Strap Calendar Function Quartz Men Watch,https://www.cigabuy.com/xinew-leather-band-strap-calendar-function-quartz-men-watch-p-19763.html,,
Stainless Steel Digital Alarm Stopwatch Wrist Watch Excellent Wristwatch,https://www.cigabuy.com/stainless-steel-digital-alarm-stopwatch-wrist-watch-excellent-wristwatch-p-19750.html,,
HM 1000 Bluetooth V4.1 In-Ear Stealth Earphone with MIC,https://www.cigabuy.com/hm-1000-bluetooth-v41-in-ear-stealth-earphone-with-mic-p-19805.html,,
Waterproof Bluetooth V3.0 Shower Hands-free Mic Suction Speaker,https://www.cigabuy.com/waterproof-bluetooth-v30-shower-hands-free-mic-suction-speaker-p-10830.html,$2.57,$2.73 
Mini Portable Home Air Conditioning Humidifier Purifier USB Air Cooler Fan,https://www.cigabuy.com/mini-portable-home-air-conditioning-humidifier-purifier-usb-air-cooler-fan-p-19418.html,$13.09,$49.58 
28Pcs Household Hardware Tool Carbon Steel Screwdriver Combination Tool,https://www.cigabuy.com/28pcs-household-hardware-tool-carbon-steel-screwdriver-combination-tool-p-19202.html,$1.80,$59.13 
Cordless Bluetooth Earphone With Bluetooth Speaker Function TWS Earphones,https://www.cigabuy.com/cordless-bluetooth-earphone-with-bluetooth-speaker-function-tws-earphones-p-18721.html,$14.35,$20.28 
1/2 pcs QCY Q29 Pro Mini Wireless Bluetooth 4.1 Dual Earphones with Charging Box,https://www.cigabuy.com/12-pcs-qcy-q29-pro-mini-wireless-bluetooth-41-dual-earphones-with-charging-box-p-19722.html,,
16.8V Electric Drill Cordless Screwdriver Mini Drill Cordless Power Tools,https://www.cigabuy.com/168v-electric-drill-cordless-screwdriver-mini-drill-cordless-power-tools-p-19176.html,$17.67,$37.70 
Detachable Baseball Protective Clear Face mask Cap Anti-Splash Hat,https://www.cigabuy.com/detachable-baseball-protective-clear-face-mask-cap-anti-splash-hat-p-18151.html,$1.67,$2.96 
[Double-Bar] Bike Handle Bar Extender Aluminum Alloy for 25.4/31.88mm,https://www.cigabuy.com/double-bar-bike-handle-bar-extender-aluminum-alloy-for-2543188mm-p-12045.html,,
MEGIR Men Watches Genuine Leather Chronograph Watch Clock,https://www.cigabuy.com/megir-men-watches-genuine-leather-chronograph-watch-clock-p-19227.html,$13.52,$34.26 
F9 TWS Wireless Earphones Bluetooth 5.0 F9 TWS Bluetooth headphone,https://www.cigabuy.com/f9-tws-wireless-earphones-bluetooth-50-f9-tws-bluetooth-headphone-p-19738.html,,
X9-V0 Color OLED Screen Fitness Tracker IP68 Heart Rate Blood Pressure Monitor,https://www.cigabuy.com/x9-v0-color-oled-screen-fitness-tracker-ip68-heart-rate-blood-pressure-monitor-p-19827.html,,
IP67 P8 Smart Watch Wristband Men Women Monitor Smartwatch Tracker For Phone,https://www.cigabuy.com/ip67-p8-smart-watch-wristband-men-women-monitor-smartwatch-tracker-for-phone-p-18585.html,$16.44,$16.44 
Kitchen Foldable Drain Dish Basket Household Storage Rack Drain Basket Shelf,https://www.cigabuy.com/kitchen-foldable-drain-dish-basket-household-storage-rack-drain-basket-shelf-p-19187.html,$3.19,$33.45 
T19 Transmitter and Receiver Call 4 in 1 TV Computer Dual Transmitter,https://www.cigabuy.com/t19-transmitter-and-receiver-call-4-in-1-tv-computer-dual-transmitter-p-19286.html,$7.30,$13.42 
Women Slim Sweat Enhancing Waist Training Corset Waist Trainer Belt,https://www.cigabuy.com/women-slim-sweat-enhancing-waist-training-corset-waist-trainer-belt-p-14956.html,$1.51,$14.12 
Retro Unisex Quartz Watch with PU Leather Band,https://www.cigabuy.com/retro-unisex-quartz-watch-with-pu-leather-band-p-19751.html,,
Detachable Adjustable Electric Spray Gun Handheld Latex Paint Spray Gun,https://www.cigabuy.com/detachable-adjustable-electric-spray-gun-handheld-latex-paint-spray-gun-p-19249.html,$29.71,$119.94 
Stainless Steel Cans Opener Professional Ergonomic Manual Can Opener,https://www.cigabuy.com/stainless-steel-cans-opener-professional-ergonomic-manual-can-opener-p-18999.html,$1.92,$10.52 
Multi-Function Ratchet Screwdriver Angle Variable 0-180 Degrees,https://www.cigabuy.com/multi-function-ratchet-screwdriver-angle-variable-0-180-degrees-p-19234.html,$1.27,$7.12 
NAVIFORCE Men Sport Watches Waterproof Quartz Wrist Watch Male Leather,https://www.cigabuy.com/naviforce-men-sport-watches-waterproof-quartz-wrist-watch-male-leather-p-19256.html,$18.13,$34.58 
Winter Crochet Knitted Head Wrap Headband,https://www.cigabuy.com/winter-crochet-knitted-head-wrap-headband-p-15274.html,$1.01,$7.56 
10 x Transparent Anti Droplet Dust-proof Medical Face Shield Face Cover Mask,https://www.cigabuy.com/10-x-transparent-anti-droplet-dust-proof-medical-face-shield-face-cover-mask-p-17900.html,,
Gradient Color Silk Beach Scarf,https://www.cigabuy.com/gradient-color-silk-beach-scarf-p-15590.html,$4.48,$19.94 
Xiaomi mijia Yeelight Folding USB Rechargeable LED Table Desk Lamp Dimmable,https://www.cigabuy.com/xiaomi-mijia-yeelight-folding-usb-rechargeable-led-table-desk-lamp-dimmable-p-18916.html,$14.07,$35.24 
Unisex Fashion Bag PU Leather Earphone Hole Waterproof 15.6 inch Laptop Backpack,https://www.cigabuy.com/unisex-fashion-bag-pu-leather-earphone-hole-waterproof-156-inch-laptop-backpack-p-19177.html,$7.55,$50.72 
Car RGB LED Music Voice Sound Control Car Interior Decorative Atmosphere Auto RG,https://www.cigabuy.com/car-rgb-led-music-voice-sound-control-car-interior-decorative-atmosphere-auto-rg-p-19323.html,$5.65,$16.72 
Car Windshield Anti-fog Agent Rearview Mirror Rain-proof,https://www.cigabuy.com/car-windshield-anti-fog-agent-rearview-mirror-rain-proof-p-17464.html,,
MIXZA 32GB Class 10 Micro SDHC UHS-I up to 80MB/S Flash Memory Card,https://www.cigabuy.com/mixza-32gb-class-10-micro-sdhc-uhs-up-to-80mbs-flash-memory-card-p-17560.html,,
Original Stereo earphone Metal handsfree sports Headset Heavy low,https://www.cigabuy.com/original-stereo-earphone-metal-handsfree-sports-headset-heavy-low-p-19749.html,,
HONGBIAO SM Stereo Bass Earphone Headphones Metal Handsfree Headset 3.5mm,https://www.cigabuy.com/hongbiao-sm-stereo-bass-earphone-headphones-metal-handsfree-headset-35mm-p-19794.html,,
SW11 Child Smart Watch GPS Watch Phone Kids Safe Monitor Tracker Pedometer,https://www.cigabuy.com/sw11-child-smart-watch-gps-watch-phone-kids-safe-monitor-tracker-pedometer-p-19724.html,,
Bicycle Shorts Cycling Underwear Thick Silicone Cushion Cycling Biker Shorts,https://www.cigabuy.com/bicycle-shorts-cycling-underwear-thick-silicone-cushion-cycling-biker-shorts-p-19037.html,$5.15,$19.95 
100 x Transparent PVC Gloves Rubber For Home Kitchen Garden Cleaning,https://www.cigabuy.com/100-x-transparent-pvc-gloves-rubber-for-home-kitchen-garden-cleaning-p-18129.html,$5.26,$8.95 
TWS Wireless Bluetooth Earphones Sports Bluethooth Earbuds Ear Head Phones,https://www.cigabuy.com/tws-wireless-bluetooth-earphones-sports-bluethooth-earbuds-ear-head-phones-p-19044.html,$13.53,$34.32 
Electric Soldering Iron Suit Thermostat Electric Iron Set 28 Pieces Thermostat,https://www.cigabuy.com/electric-soldering-iron-suit-thermostat-electric-iron-set-28-pieces-thermostat-p-19246.html,$11.50,$35.72 
JM-PJ1010 10 in 1 Multifunctional Pliers Outdoor Folding Plier With Knife,https://www.cigabuy.com/jm-pj1010-10-in-1-multifunctional-pliers-outdoor-folding-plier-with-knife-p-14549.html,,
Food Grade Silicone Cupcake Baking Mold Mould Non Stick Muffin Cup Baking Cup,https://www.cigabuy.com/food-grade-silicone-cupcake-baking-mold-mould-non-stick-muffin-cup-baking-cup-p-17054.html,$0.32,$3.43 
New Zeblaze Hybrid 2 Smartwatch Heart Rate Waterproof Sleep Fitness Tracker,https://www.cigabuy.com/new-zeblaze-hybrid-2-smartwatch-heart-rate-waterproof-sleep-fitness-tracker-p-18654.html,,
Men Anti Theft Chest Bag Shoulder Crossbody Bag School Summer Trip Bag A Left,https://www.cigabuy.com/men-anti-theft-chest-bag-shoulder-crossbody-bag-school-summer-trip-bag-left-p-18832.html,$3.23,$6.47 
Retro Humidification Towers Fan 2-in-1 Spray Desktop USB Humidification Fan,https://www.cigabuy.com/retro-humidification-towers-fan-2-in-1-spray-desktop-usb-humidification-fan-p-18842.html,$11.89,$23.78 
J3 TWS Bluetooth 5.0 Earphone Wireless Touch Control Magnetic Stereo Headset,https://www.cigabuy.com/j3-tws-bluetooth-50-earphone-wireless-touch-control-magnetic-stereo-headset-p-19204.html,$13.09,$23.66 
F1 In Ear/ Earhook Earphones IP5X Waterproof Headphone Super Bass Sport Headset,https://www.cigabuy.com/f1-in-ear-earhook-earphones-ip5x-waterproof-headphone-super-bass-sport-headset-p-19779.html,,
Simplified Package Xiaomi Piston 3rd Edition Earphone Mic,https://www.cigabuy.com/simplified-package-xiaomi-piston-3rd-edition-earphone-mic-p-19820.html,,
DUBERY 103 Polarized Sunglasses Men Driving Shades Male Retro Sun Glasses,https://www.cigabuy.com/dubery-103-polarized-sunglasses-men-driving-shades-male-retro-sun-glasses-p-18921.html,$4.50,$9.64 
Kangaroo Brand Leather Messenger Bag Man Handbag Chest Bag,https://www.cigabuy.com/kangaroo-brand-leather-messenger-bag-man-handbag-chest-bag-p-18783.html,$7.02,$16.82 
Battery Tester Digital Capacity Tester Checker Power Supply Tester,https://www.cigabuy.com/battery-tester-digital-capacity-tester-checker-power-supply-tester-p-18710.html,$4.32,$6.05 
2.4GHz Wireless Optical Gaming Mouse for PC DPI Adjustable,https://www.cigabuy.com/24ghz-wireless-optical-gaming-mouse-for-pc-dpi-adjustable-p-19821.html,,
Xiaomi 4 Ports USB3.0 Hub with Stand-by Power Supply Interface USB Hub,https://www.cigabuy.com/xiaomi-4-ports-usb30-hub-with-stand-by-power-supply-interface-usb-hub-p-19283.html,,
SASTFUE 64GB Class 10 Up to 80MB/s Micro SDXC UHS-I Memory Card,https://www.cigabuy.com/sastfue-64gb-class-10-up-to-80mbs-micro-sdxc-uhs-memory-card-p-14971.html,$7.56,$19.85 
EAGET CU10 32GB Type-C to USB3.0 Metal OTG USB Flash Drive,https://www.cigabuy.com/eaget-cu10-32gb-type-to-usb30-metal-otg-usb-flash-drive-p-19760.html,,
Bluetooth 5.0 Headset TWS Wireless Waterproof Sports Single Ear Earphone,https://www.cigabuy.com/bluetooth-50-headset-tws-wireless-waterproof-sports-single-ear-earphone-p-18664.html,$8.04,$8.07 
Auto Paint Pen Color Touch Up White Scratch Repair,https://www.cigabuy.com/auto-paint-pen-color-touch-up-white-scratch-repair-p-17253.html,,
Portable Cleaning Foldable Storage Bucket Camping Supplies Plastic Car Trash Can,https://www.cigabuy.com/portable-cleaning-foldable-storage-bucket-camping-supplies-plastic-car-trash-can-p-19541.html,$6.81,$68.36 
Three-In-One Data Cable Is Suitable For Apple Android Type-C Fast Charging,https://www.cigabuy.com/three-in-one-data-cable-is-suitable-for-apple-android-type-fast-charging-p-19542.html,$7.86,$17.46 
Ultraviolet Sterilization Knife Holder Electric Chopsticks Disinfection Machine,https://www.cigabuy.com/ultraviolet-sterilization-knife-holder-electric-chopsticks-disinfection-machine-p-19551.html,,
Z2 Bone Conduction Bluetooth Headset Wireless Sports Fitness Hanging Ear,https://www.cigabuy.com/z2-bone-conduction-bluetooth-headset-wireless-sports-fitness-hanging-ear-p-19556.html,,
Cartoon Mini Children Camera Front And Rear Double Digital Small SLR Camera,https://www.cigabuy.com/cartoon-mini-children-camera-front-and-rear-double-digital-small-slr-camera-p-19606.html,$16.44,$48.48 
Fashion Men Backpack Waterproof PU Leather Travel Bag Large Capacity Teenage,https://www.cigabuy.com/fashion-men-backpack-waterproof-pu-leather-travel-bag-large-capacity-teenage-p-19987.html,$7.77,$26.05 
TIMEMORE Chestnut Coffee Grinder Portable Hand Manual Grinder Machine,https://www.cigabuy.com/timemore-chestnut-coffee-grinder-portable-hand-manual-grinder-machine-p-20014.html,$58.47,$128.33 
5pcs Xiaomi Mijia Stainless Steel Nail Clippers Set Trimmer Pedicure Care Clip,https://www.cigabuy.com/5pcs-xiaomi-mijia-stainless-steel-nail-clippers-set-trimmer-pedicure-care-clip-p-20018.html,$9.09,$22.34 
Xiaomi Portable Disinfection Water Generator,https://www.cigabuy.com/xiaomi-portable-disinfection-water-generator-p-20147.html,$40.30,$90.29 
SanDisk A1 16GB UHS-I / Class 10 up to 98MB / s Micro SDHC Memory Card,https://www.cigabuy.com/sandisk-a1-16gb-uhs-class-10-up-to-98mb-s-micro-sdhc-memory-card-p-17561.html,,
USB Computer HD Camera Video Free Drive with Microphone Webcam For PC Laptop,https://www.cigabuy.com/usb-computer-hd-camera-video-free-drive-with-microphone-webcam-for-pc-laptop-p-19003.html,$7.73,$21.94 
"Xiaomi 3D Glasses Virtual Reality Box for 4.7 - 5.7"" Smart Phones",https://www.cigabuy.com/xiaomi-3d-glasses-virtual-reality-box-for-47-57-smart-phones-p-19825.html,,
SKMEI 1251 Chronograph Sports Watch for Men,https://www.cigabuy.com/skmei-1251-chronograph-sports-watch-for-men-p-19792.html,,
Natural Earth Lava Pumice Stone,https://www.cigabuy.com/natural-earth-lava-pumice-stone-p-17169.html,,
Baellerry Men Wallet Short Fashion Simple PU Leather Wallet Card Holder,https://www.cigabuy.com/baellerry-men-wallet-short-fashion-simple-pu-leather-wallet-card-holder-p-18474.html,,
Wireless Bluetooth FM Transmitter Hands-Free Car Kit Color Screen MP3 Player,https://www.cigabuy.com/wireless-bluetooth-fm-transmitter-hands-free-car-kit-color-screen-mp3-player-p-19329.html,$11.72,$21.11 
USB Eletric Fan Humidifying Hydration Water Spray Fan Portable Folding Fan,https://www.cigabuy.com/usb-eletric-fan-humidifying-hydration-water-spray-fan-portable-folding-fan-p-18911.html,$26.10,$74.90 
Luminous Headset Glow In Dark Headphones Flashlight Earphone with Mic,https://www.cigabuy.com/luminous-headset-glow-in-dark-headphones-flashlight-earphone-with-mic-p-19744.html,,
WLISTH Multifunctional Men's Quartz Watch Fashion 4 Hands Six Calendar Watch,https://www.cigabuy.com/wlisth-multifunctional-mens-quartz-watch-fashion-4-hands-six-calendar-watch-p-18667.html,,
Fm Transmitter Car MP3 Player LED Blue Screen Bluetooth FM Transmitter,https://www.cigabuy.com/fm-transmitter-car-mp3-player-led-blue-screen-bluetooth-fm-transmitter-p-18659.html,,
E27 12V 7W Natural White Intelligent Emergency LED Light Bulbs,https://www.cigabuy.com/e27-12v-7w-natural-white-intelligent-emergency-led-light-bulbs-p-17582.html,,
Vintage Laptop PU Leather Backpacks for School Bags Travel Leisure Retro,https://www.cigabuy.com/vintage-laptop-pu-leather-backpacks-for-school-bags-travel-leisure-retro-p-19183.html,$13.09,$65.95 
Stainless Car Ice Snow Shovel Assistant Cleaning Car Windshield and Window Tools,https://www.cigabuy.com/stainless-car-ice-snow-shovel-assistant-cleaning-car-windshield-and-window-tools-p-17005.html,$0.32,$5.00 
Zeblaze VIBE 5 PRO Color Touch Display  IP67 Smart Watch,https://www.cigabuy.com/zeblaze-vibe-5-pro-color-touch-display-ip67-smart-watch-p-19233.html,$39.51,$92.62 
Printing Pen 12V 3D Pen Pencil 3D Drawing Pen Filament For Kid Education,https://www.cigabuy.com/printing-pen-12v-3d-pen-pencil-3d-drawing-pen-filament-for-kid-education-p-19316.html,$8.84,$26.37 
CUENA Men's Women's Watch Casual Sport Quartz Stainless Steel Mesh Band Watch,https://www.cigabuy.com/cuena-mens-womens-watch-casual-sport-quartz-stainless-steel-mesh-band-watch-p-19732.html,,
WLISTH Watch Men Trend Of Luminous Waterproof Strip Quartz Watch,https://www.cigabuy.com/wlisth-watch-men-trend-of-luminous-waterproof-strip-quartz-watch-p-18840.html,$12.88,$21.61 
Electric Mini Hand Drill Rotary Metal Wood Engraver Grinder Polishing Machine,https://www.cigabuy.com/electric-mini-hand-drill-rotary-metal-wood-engraver-grinder-polishing-machine-p-19230.html,$9.47,$42.72 
LED Flashlight 5-Mode COB LED Camping Tent Lamp USB Rechargeable Torch,https://www.cigabuy.com/led-flashlight-5-mode-cob-led-camping-tent-lamp-usb-rechargeable-torch-p-19317.html,$4.79,$17.98 
Rocketek CSR 4.0 A2DP Bluetooth Adapter USB Dongle For PC Computer Speaker Audio,https://www.cigabuy.com/rocketek-csr-40-a2dp-bluetooth-adapter-usb-dongle-for-pc-computer-speaker-audio-p-19258.html,$4.56,$9.52 
DUBERY Vintage Sunglasses Polarized Men's Sun Glasses For Men,https://www.cigabuy.com/dubery-vintage-sunglasses-polarized-mens-sun-glasses-for-men-p-18476.html,,
10 x Protective Goggles Fit Over Glasse Prevention of Coronavirus,https://www.cigabuy.com/10-x-protective-goggles-fit-over-glasse-prevention-of-coronavirus-p-18152.html,$5.29,$10.15 
Mini Wireless Grinding Machine Variable Speed Rotary Tools Drill Engraver Pen,https://www.cigabuy.com/mini-wireless-grinding-machine-variable-speed-rotary-tools-drill-engraver-pen-p-18782.html,$12.86,$33.05 
Baellerry Men PU Leather Functional Long Wallet Vintage Purse Clutch Bag,https://www.cigabuy.com/baellerry-men-pu-leather-functional-long-wallet-vintage-purse-clutch-bag-p-18920.html,$4.07,$14.84 
MEGIR 2028G Men Watch Quartz Leather Watch,https://www.cigabuy.com/megir-2028g-men-watch-quartz-leather-watch-p-18781.html,$12.97,$27.64 
WLtoys A959 High-Speed Vortex 4-CH 1:18 2.4GHz 4WD RC Car,https://www.cigabuy.com/wltoys-a959-high-speed-vortex-4-ch-118-24ghz-4wd-rc-car-p-19755.html,,
Men Short Wallets PU Leather Zipper Buckle Coin Purse,https://www.cigabuy.com/men-short-wallets-pu-leather-zipper-buckle-coin-purse-p-19214.html,$3.40,$11.82 
WLISTH S959 Men's Business Quartz Steel Band Sports Waterproof Watch,https://www.cigabuy.com/wlisth-s959-mens-business-quartz-steel-band-sports-waterproof-watch-p-18665.html,$11.42,$11.42 
Fashion Faux Leather Mens Quarts Watches Waterproof Calendar Wrist Watch,https://www.cigabuy.com/fashion-faux-leather-mens-quarts-watches-waterproof-calendar-wrist-watch-p-19231.html,$4.89,$11.87 
ROSIVGA Fashion Quartz Wrist Watch with PU Letecher for Men,https://www.cigabuy.com/rosivga-fashion-quartz-wrist-watch-with-pu-letecher-for-men-p-19754.html,,
X5 Bluetooth 5.0+3.0+2.4G Wireless Three Mode Mute Rechargeable Gaming Mouse,https://www.cigabuy.com/x5-bluetooth-503024g-wireless-three-mode-mute-rechargeable-gaming-mouse-p-19752.html,,
38 PCS/Set Industrial  Stainless Steel Wire Brush 8-19mm Cleaning Brush Kit,https://www.cigabuy.com/38-pcsset-industrial-stainless-steel-wire-brush-8-19mm-cleaning-brush-kit-p-18989.html,$15.46,$74.40 
1/2/4 pcs EU Plug Digital Display Energy Saving Timer Programmable Timer Socket,https://www.cigabuy.com/124-pcs-eu-plug-digital-display-energy-saving-timer-programmable-timer-socket-p-17563.html,,
Wireless Bluetooth Headset Handsfree Driving Sport Over-Ear Earphone,https://www.cigabuy.com/wireless-bluetooth-headset-handsfree-driving-sport-over-ear-earphone-p-18720.html,$7.13,$8.64 
C6T Body Temperature Smart Bracelet Watch IP67 Heart Rate Monitor Wristband,https://www.cigabuy.com/c6t-body-temperature-smart-bracelet-watch-ip67-heart-rate-monitor-wristband-p-18787.html,$15.13,$25.47 
Men Watches Auto Date Chronograph Quartz Watch Sport Strap Watch,https://www.cigabuy.com/men-watches-auto-date-chronograph-quartz-watch-sport-strap-watch-p-19241.html,$3.15,$7.59 
Ball Bluetooth Speaker Wireless Mini Speaker Subwoofer FM Multicolored Ball,https://www.cigabuy.com/ball-bluetooth-speaker-wireless-mini-speaker-subwoofer-fm-multicolored-ball-p-19416.html,$11.21,$29.62 
Stainless Steel Case Leather Band Watch Quartz Business Men Wristwatch Casual,https://www.cigabuy.com/stainless-steel-case-leather-band-watch-quartz-business-men-wristwatch-casual-p-19733.html,,
L11 Bluetooth 5.0 TWS Earphones with Charging Case,https://www.cigabuy.com/l11-bluetooth-50-tws-earphones-with-charging-case-p-19809.html,,
IDO ID107 Smart Bracelet Heart Rate Monitor Call Reminder Pedometer,https://www.cigabuy.com/ido-id107-smart-bracelet-heart-rate-monitor-call-reminder-pedometer-p-19822.html,,
i7 TWS Bluetooth V4.1 Earphones with Charging Case,https://www.cigabuy.com/i7-tws-bluetooth-v41-earphones-with-charging-case-p-19828.html,,
NAVIFORCE 9038 Men Watches Luxury Sport Quartz 30M Waterproof Auto Date,https://www.cigabuy.com/naviforce-9038-men-watches-luxury-sport-quartz-30m-waterproof-auto-date-p-19199.html,$13.31,$20.55 
QCY T6 TWS Bluetooth 5.0 in-ear Touch control Headset with Microphone,https://www.cigabuy.com/qcy-t6-tws-bluetooth-50-in-ear-touch-control-headset-with-microphone-p-18995.html,$23.77,$55.64 
10m DIY Automatic Drip & Micro Sprinkler Kit Plant Garden Irrigation System,https://www.cigabuy.com/10m-diy-automatic-drip-micro-sprinkler-kit-plant-garden-irrigation-system-p-17566.html,,
Honeybee String Lights 2.2M 20-LED Led String Lights for Outdoor Xmas Decoration,https://www.cigabuy.com/honeybee-string-lights-22m-20-led-led-string-lights-for-outdoor-xmas-decoration-p-17590.html,,
Wowstick 42 in 1 Screwdriver Kit Portable Precision Multi-function Screwdriver,https://www.cigabuy.com/wowstick-42-in-1-screwdriver-kit-portable-precision-multi-function-screwdriver-p-18912.html,$32.34,$61.04 
Men Backpack Waterproof Travel Bag Capacity Male Mochila Teenager Backpacks,https://www.cigabuy.com/men-backpack-waterproof-travel-bag-capacity-male-mochila-teenager-backpacks-p-18658.html,,
2.4GHz Wireless 1600DPI 10M Nano Receiver Notebook Optical Mouse,https://www.cigabuy.com/24ghz-wireless-1600dpi-10m-nano-receiver-notebook-optical-mouse-p-19764.html,,
Sothing Mosquito Swatter Portable Rechargeable Electric Mosquito Killer,https://www.cigabuy.com/sothing-mosquito-swatter-portable-rechargeable-electric-mosquito-killer-p-18666.html,,
Smart Bracelet Watch Fitness Bracelet Pedometer Heart Rate Monitor Waterproof,https://www.cigabuy.com/smart-bracelet-watch-fitness-bracelet-pedometer-heart-rate-monitor-waterproof-p-19737.html,,
FONGE R6 Heavy Bass Earphone 3.5mm Jack Stereo Music Headphone with Mic,https://www.cigabuy.com/fonge-r6-heavy-bass-earphone-35mm-jack-stereo-music-headphone-with-mic-p-19788.html,,
Non-Stick Grill BBQ Standing Rib Rack Stainless Steel Roasting Rack,https://www.cigabuy.com/non-stick-grill-bbq-standing-rib-rack-stainless-steel-roasting-rack-p-17542.html,,
In Ear/ Earhook Style Earphones Sweat-Resistant Sports Earphone Earbuds w/ Mic,https://www.cigabuy.com/in-ear-earhook-style-earphones-sweat-resistant-sports-earphone-earbuds-w-mic-p-19782.html,,
ESTRELLA  64G USB2.0 High Speed Mini Flash Drive Waterproof USB,https://www.cigabuy.com/estrella-64g-usb20-high-speed-mini-flash-drive-waterproof-usb-p-17570.html,,
PU Leather Backpack Youth Travel Rucksack School Laptop Business Shoulder Bags,https://www.cigabuy.com/pu-leather-backpack-youth-travel-rucksack-school-laptop-business-shoulder-bags-p-19182.html,$12.45,$64.93 
YWXLight Solar LED Lamp Bear Claw Lamp Garden Lights Outdoor Landscape Lighting,https://www.cigabuy.com/ywxlight-solar-led-lamp-bear-claw-lamp-garden-lights-outdoor-landscape-lighting-p-17591.html,,
Baellerry Crocodile Long Business Man Wallet Zippers Leather Purse,https://www.cigabuy.com/baellerry-crocodile-long-business-man-wallet-zippers-leather-purse-p-18657.html,,
NAVIFORCE 3004 Luxury Analog sports Wristwatch Display Date Men Quartz Watch,https://www.cigabuy.com/naviforce-3004-luxury-analog-sports-wristwatch-display-date-men-quartz-watch-p-19220.html,$16.72,$40.68 
Racing RC Car Vehicle Models 60km/h RC Car 550 Motor Off-Road Car,https://www.cigabuy.com/racing-rc-car-vehicle-models-60kmh-rc-car-550-motor-off-road-car-p-19250.html,$69.98,$189.74 
Retractable Dog Leash Durable Reflective Nylon Dog Lead For Small Medium Dogs,https://www.cigabuy.com/retractable-dog-leash-durable-reflective-nylon-dog-lead-for-small-medium-dogs-p-14240.html,$2.95,$18.12 
NAVIFORCE Men Sports Watches Military Digital Chronograph Quartz Wristwatch,https://www.cigabuy.com/naviforce-men-sports-watches-military-digital-chronograph-quartz-wristwatch-p-18923.html,$17.94,$31.78 
10pcs T10 5W Blue/White/Matting Home Office Halogen Capsule Light Bulb Lamp,https://www.cigabuy.com/10pcs-t10-5w-bluewhitematting-home-office-halogen-capsule-light-bulb-lamp-p-17511.html,,
Mini Portable Ultrasonic Pulsator Turbo Washing Machine,https://www.cigabuy.com/mini-portable-ultrasonic-pulsator-turbo-washing-machine-p-18709.html,$16.22,$28.11 
USB Rechargeable Flashlight Portable Lantern Waterproof Flash Light,https://www.cigabuy.com/usb-rechargeable-flashlight-portable-lantern-waterproof-flash-light-p-18834.html,$3.99,$7.98 
Men PU Leather Long Clutch Wallet Business Men Cards Phone Holder Purse,https://www.cigabuy.com/men-pu-leather-long-clutch-wallet-business-men-cards-phone-holder-purse-p-19000.html,$5.68,$19.89 
Business Large Men Travel bags Handbag Briefcase PU Leather Laptop Bag,https://www.cigabuy.com/business-large-men-travel-bags-handbag-briefcase-pu-leather-laptop-bag-p-19030.html,$10.52,$74.61 
WEIXIER Long Men Wallet Double Zipper Coin Pocket Purse Casual Card Holder,https://www.cigabuy.com/weixier-long-men-wallet-double-zipper-coin-pocket-purse-casual-card-holder-p-19219.html,$5.53,$21.28 
New Smartwatch Zeblaze Crystal 3 IP67 Long Standby IPS Display Smart Watch,https://www.cigabuy.com/new-smartwatch-zeblaze-crystal-3-ip67-long-standby-ips-display-smart-watch-p-19232.html,$16.29,$32.61 
Smart Wireless Bluetooth Stereo Headset Headphone with MIC,https://www.cigabuy.com/smart-wireless-bluetooth-stereo-headset-headphone-with-mic-p-19314.html,$10.12,$26.44 
X23 Earphone Car Single Ear Can Talk Wireless Bluetooth Headset Hanging,https://www.cigabuy.com/x23-earphone-car-single-ear-can-talk-wireless-bluetooth-headset-hanging-p-19320.html,$5.00,$13.59 
Crrju Fashion Mens Watches Top Brand Luxury Quartz Watch Men,https://www.cigabuy.com/crrju-fashion-mens-watches-top-brand-luxury-quartz-watch-men-p-19728.html,,
TC16 Type-c Earphone Stereo Line Control In-Ear Hands Free Call f LeEco Xiaomi,https://www.cigabuy.com/tc16-type-earphone-stereo-line-control-in-ear-hands-free-call-f-leeco-xiaomi-p-19772.html,,
Magnetic Wireless Earbuds,https://www.cigabuy.com/magnetic-wireless-earbuds-p-19786.html,,
V5.0 Bluetooth Earphones Sport Hifi Headphones Wireless Ear Hook,https://www.cigabuy.com/v50-bluetooth-earphones-sport-hifi-headphones-wireless-ear-hook-p-18987.html,$12.35,$18.64 
Men Wallets Large Capacity Zipper Hasp Quality PU Leather Wallet,https://www.cigabuy.com/men-wallets-large-capacity-zipper-hasp-quality-pu-leather-wallet-p-18660.html,,
XIAOMI MIJIA Microhoo Mini Air Conditioner Fan Personal Portable USB Air Cooler,https://www.cigabuy.com/xiaomi-mijia-microhoo-mini-air-conditioner-fan-personal-portable-usb-air-cooler-p-18924.html,$32.12,$76.72 
Xiaomi Turok Steinhardt TS Brand Polarized Stainless Mirror Lenses Sunglasses,https://www.cigabuy.com/xiaomi-turok-steinhardt-ts-brand-polarized-stainless-mirror-lenses-sunglasses-p-18913.html,$17.51,$36.20 
QCY T1 PRO TWS Dual Bluetooth Earphones IPX4 Waterproof Headphones,https://www.cigabuy.com/qcy-t1-pro-tws-dual-bluetooth-earphones-ipx4-waterproof-headphones-p-13806.html,$20.41,$33.18 
Waist Bag Fashion Chest Pack Outdoor Sports Crossbody Bag Casual Travel Bag,https://www.cigabuy.com/waist-bag-fashion-chest-pack-outdoor-sports-crossbody-bag-casual-travel-bag-p-19184.html,$4.46,$19.40 
BOAMIGO Men Quartz Watches 3 time zone creative LED Digital Sports Watches,https://www.cigabuy.com/boamigo-men-quartz-watches-3-time-zone-creative-led-digital-sports-watches-p-19207.html,$14.69,$26.36 
Xiaomi Pizza Cutter Stainless Steel Cake Knife Pizza Wheels knife Removable,https://www.cigabuy.com/xiaomi-pizza-cutter-stainless-steel-cake-knife-pizza-wheels-knife-removable-p-19287.html,,
Mini Rechargeable U Disk Plastic Professional Voice Recorder Portable Audio Pen,https://www.cigabuy.com/mini-rechargeable-u-disk-plastic-professional-voice-recorder-portable-audio-pen-p-19019.html,$3.86,$6.19 
S03 Smart Watch Waterproof Activity Tracker Smart Band Bracelet,https://www.cigabuy.com/s03-smart-watch-waterproof-activity-tracker-smart-band-bracelet-p-19736.html,,
K08 Wireless Headphone Bluetooth5.0 Bone Conduction Headsets Wireless,https://www.cigabuy.com/k08-wireless-headphone-bluetooth50-bone-conduction-headsets-wireless-p-19739.html,,
ELECAM Explorer Pro 4K@24fps NTK96660 Wi-Fi 12MP Sports Camera,https://www.cigabuy.com/elecam-explorer-pro-4k24fps-ntk96660-wi-fi-12mp-sports-camera-p-19742.html,,
Genuine Leather Men Key Wallet Male Car Key Bag Keys Capacity Small Wallets,https://www.cigabuy.com/genuine-leather-men-key-wallet-male-car-key-bag-keys-capacity-small-wallets-p-19229.html,$5.74,$19.24 
QCY T5 Wireless Bluetooth Headphones V5.0 Touch Control with 380mAh Battery,https://www.cigabuy.com/qcy-t5-wireless-bluetooth-headphones-v50-touch-control-with-380mah-battery-p-18991.html,$20.51,$40.21 
Strap Bracelet Metal Wristband Xiaomi Mi Band 3 xiaomi Smart Accessories,https://www.cigabuy.com/strap-bracelet-metal-wristband-xiaomi-mi-band-3-xiaomi-smart-accessories-p-18655.html,,
YL-6S Wireless Bluetooth Earphone In-ear Earbuds Waterproof HD Call Headset,https://www.cigabuy.com/yl-6s-wireless-bluetooth-earphone-in-ear-earbuds-waterproof-hd-call-headset-p-18835.html,$8.21,$16.42 
Electronic Counting Jump Rope Adjustable Anti-sweat Handle Equipments,https://www.cigabuy.com/electronic-counting-jump-rope-adjustable-anti-sweat-handle-equipments-p-18836.html,$1.83,$3.66 
Wireless Mouse Vertical Mouse Ergonomic Optical 2400 DPI 6 Buttons Mause,https://www.cigabuy.com/wireless-mouse-vertical-mouse-ergonomic-optical-2400-dpi-6-buttons-mause-p-18844.html,$9.29,$18.58 
Xiaomi mijia yunmai Wrist ball Trainer LED Gyroball Essential Spinner,https://www.cigabuy.com/xiaomi-mijia-yunmai-wrist-ball-trainer-led-gyroball-essential-spinner-p-18922.html,$8.91,$27.36 
T9S TWS 5.0 Bluetooth Earphone Wireless Earbuds Magnetic Stereo Sound In-ear,https://www.cigabuy.com/t9s-tws-50-bluetooth-earphone-wireless-earbuds-magnetic-stereo-sound-in-ear-p-19002.html,$14.28,$22.31 
NAVIFORCE 9093 Luxury Men Military Sport Watches Digital Quartz Clock,https://www.cigabuy.com/naviforce-9093-luxury-men-military-sport-watches-digital-quartz-clock-p-19198.html,$16.93,$32.97 
Wireless Mouse Optical Mouse Gaming Silent USB Rechargeable Mice 2400dpi,https://www.cigabuy.com/wireless-mouse-optical-mouse-gaming-silent-usb-rechargeable-mice-2400dpi-p-19213.html,$5.32,$15.36 
Mini Bluetooth Earbud 6 Hour Playtime Car Headset with Mic for iPhone,https://www.cigabuy.com/mini-bluetooth-earbud-6-hour-playtime-car-headset-with-mic-for-iphone-p-19725.html,,
Bluetooth Headphone Kissral Wireless Sport Earbud,https://www.cigabuy.com/bluetooth-headphone-kissral-wireless-sport-earbud-p-19727.html,,
T10 Bluetooth Headsets Wireless Earbuds 5.0 TWS Earphone,https://www.cigabuy.com/t10-bluetooth-headsets-wireless-earbuds-50-tws-earphone-p-19735.html,,
Sports Wireless Bluetooth V3.0 Music Headsets Headphones w/ Mic,https://www.cigabuy.com/sports-wireless-bluetooth-v30-music-headsets-headphones-w-mic-p-19756.html,,
CURREN 8241 Big Dial Calendar Function Men Leather Strap Quartz Watch,https://www.cigabuy.com/curren-8241-big-dial-calendar-function-men-leather-strap-quartz-watch-p-19765.html,,
Comfortable Wired Earphone with Mic 3.5mm Clear Sound,https://www.cigabuy.com/comfortable-wired-earphone-with-mic-35mm-clear-sound-p-19803.html,,
Original Xiaomi Piston Basic Edition In-ear Headset Earphone w/ Mic,https://www.cigabuy.com/original-xiaomi-piston-basic-edition-in-ear-headset-earphone-w-mic-p-19823.html,,
E6 Bluetooth Earphone 4.2 In-Ear MINI Stereo 600mA with Charging Box,https://www.cigabuy.com/e6-bluetooth-earphone-42-in-ear-mini-stereo-600ma-with-charging-box-p-19829.html,,
D-LINK DIR-850L 1200Mbps Dual Band Gigabit Cloud Wifi Router,https://www.cigabuy.com/d-link-dir-850l-1200mbps-dual-band-gigabit-cloud-wifi-router-p-19897.html,,
5pcs G4 12-24V 6W 600LM 2-LED COB LED Light Bulbs,https://www.cigabuy.com/5pcs-g4-12-24v-6w-600lm-2-led-cob-led-light-bulbs-p-19900.html,,
Dacom K6P Mini Smart Wireless Bluetooth Earbuds With Microphone,https://www.cigabuy.com/dacom-k6p-mini-smart-wireless-bluetooth-earbuds-with-microphone-p-19042.html,$8.91,$18.15 
Original Xiaomi Mijia 0.5mm Sign Pen Roller Pen,https://www.cigabuy.com/original-xiaomi-mijia-05mm-sign-pen-roller-pen-p-17554.html,,
Bluetooth 4.2 Magnetic Wireless Earbuds with 2 Pair of Ear Sleeves,https://www.cigabuy.com/bluetooth-42-magnetic-wireless-earbuds-with-2-pair-of-ear-sleeves-p-19800.html,,
Netac U905 Retractable 32GB High Speed USB 2.0 Flash Drive,https://www.cigabuy.com/netac-u905-retractable-32gb-high-speed-usb-20-flash-drive-p-17575.html,,
Video Projector Mini Led Projetor Video Display Home Media Player Beamer,https://www.cigabuy.com/video-projector-mini-led-projetor-video-display-home-media-player-beamer-p-19251.html,$32.48,$54.87 
CoolCold Laptop USB Cooling Fan Speed Adjustable Ice Troll Notebook Fan,https://www.cigabuy.com/coolcold-laptop-usb-cooling-fan-speed-adjustable-ice-troll-notebook-fan-p-19252.html,$4.89,$15.63 
Q67 TWS Wireless Earbuds 3D Stereo Mini Bluetooth Earphone 5.0 With Dual Mic,https://www.cigabuy.com/q67-tws-wireless-earbuds-3d-stereo-mini-bluetooth-earphone-50-with-dual-mic-p-18786.html,$15.08,$25.83 
4pcs Garden Cone Watering Spike Flower Plant Waterers Bottle Irrigation System,https://www.cigabuy.com/4pcs-garden-cone-watering-spike-flower-plant-waterers-bottle-irrigation-system-p-17261.html,,
Baellerry Canvas Men Wallet Long Clutch Card Purse Phone Bag with Coin Pocket,https://www.cigabuy.com/baellerry-canvas-men-wallet-long-clutch-card-purse-phone-bag-with-coin-pocket-p-18477.html,,
M64 Wireless Bluetooth V4.1 Super Bass Headphones with Mic,https://www.cigabuy.com/m64-wireless-bluetooth-v41-super-bass-headphones-with-mic-p-19798.html,,
Sports Outdoor Backpack 60L Mountaineering Bag with Hiking Travel Bag,https://www.cigabuy.com/sports-outdoor-backpack-60l-mountaineering-bag-with-hiking-travel-bag-p-18656.html,,
Men Wallets PU Leather Zipper Wallets for Business Men Clutch Wallets,https://www.cigabuy.com/men-wallets-pu-leather-zipper-wallets-for-business-men-clutch-wallets-p-19221.html,$3.51,$11.63 
Toothbrush Head Cover Case Cap Brush Cleaner Protect for Hiking Travel Camping,https://www.cigabuy.com/toothbrush-head-cover-case-cap-brush-cleaner-protect-for-hiking-travel-camping-p-17000.html,$0.32,$2.01 
Garden Automatic Watering Timer Faucet Hose Bib Electronic Irrigation Controller,https://www.cigabuy.com/garden-automatic-watering-timer-faucet-hose-bib-electronic-irrigation-controller-p-18932.html,$13.10,$29.88 
LEM12 Smart Watch Android Face ID Dual Camera 1.6 Inch 3GB 32GB LTE 4G,https://www.cigabuy.com/lem12-smart-watch-android-face-id-dual-camera-16-inch-3gb-32gb-lte-4g-p-19186.html,$162.25,$260.96 
USB Mini Camera HD Q5 USB Webcam Built-in Microphone Peripheral Web Camera,https://www.cigabuy.com/usb-mini-camera-hd-q5-usb-webcam-built-in-microphone-peripheral-web-camera-p-19248.html,$14.05,$31.93 
Mini Wireless Bluetooth Stereo Audio Optical Aux 3.5mm Transmitter Music Adapter,https://www.cigabuy.com/mini-wireless-bluetooth-stereo-audio-optical-aux-35mm-transmitter-music-adapter-p-19315.html,$7.99,$22.24 
Women Adjustable Waist Slimming Trimmer Girdle Tummy Body Shaper Strap,https://www.cigabuy.com/women-adjustable-waist-slimming-trimmer-girdle-tummy-body-shaper-strap-p-19285.html,,
Dragonfly Millet Mosquito Killer Energy-Saving Mosquito Killer Killer Lamp,https://www.cigabuy.com/dragonfly-millet-mosquito-killer-energy-saving-mosquito-killer-killer-lamp-p-19017.html,$12.67,$36.34 
Men Wallets Short Men Purse Leather Zipper Coin Wallet Men Baellerry,https://www.cigabuy.com/men-wallets-short-men-purse-leather-zipper-coin-wallet-men-baellerry-p-19235.html,$3.61,$10.35 
Baellerry PU Leather Removable Wrist Strap Multi-function Vintage Men Wallets,https://www.cigabuy.com/baellerry-pu-leather-removable-wrist-strap-multi-function-vintage-men-wallets-p-18668.html,,
Mini Video Capture Card USB 2.0 HDMI Video Grabber Record Box for PS4 Game DVD,https://www.cigabuy.com/mini-video-capture-card-usb-20-hdmi-video-grabber-record-box-for-ps4-game-dvd-p-18763.html,$8.64,$11.77 
Men Women UV400 Polarized Sunglasses Driving Fishing Cycling Bicycle Eyewear,https://www.cigabuy.com/men-women-uv400-polarized-sunglasses-driving-fishing-cycling-bicycle-eyewear-p-18780.html,$5.40,$11.41 
ThiEYE T5 Pro Real Ultra HD 4K 60fps Touch Screen WiFi Action Camera with Remote,https://www.cigabuy.com/thieye-t5-pro-real-ultra-hd-4k-60fps-touch-screen-wifi-action-camera-with-remote-p-19194.html,$134.76,$217.19 
RTH-577717,https://www.cigabuy.com/rth-577717-p-19208.html,$5.85,$23.42 
Men Watches Sport Business Waterproof Quartz Wrist Watch Men Clock Male,https://www.cigabuy.com/men-watches-sport-business-waterproof-quartz-wrist-watch-men-clock-male-p-19228.html,$14.48,$34.75 
No.1 Smartband F4 IP68 Heart Rate Sedentary Reminder Remote Camera Pedometer,https://www.cigabuy.com/no1-smartband-f4-ip68-heart-rate-sedentary-reminder-remote-camera-pedometer-p-19723.html,,
Baseus Bluetooth Earphones Single Ear Wireless Earphone With Charging Dock,https://www.cigabuy.com/baseus-bluetooth-earphones-single-ear-wireless-earphone-with-charging-dock-p-19729.html,,
S450 3.5mm Foldable Wireless Stereo Bluetooth Headphone w/ TF FM,https://www.cigabuy.com/s450-35mm-foldable-wireless-stereo-bluetooth-headphone-w-tf-fm-p-19818.html,,
AXGIO Atom Business Mini Wireless Bluetooth Earphone f iPhone 7,https://www.cigabuy.com/axgio-atom-business-mini-wireless-bluetooth-earphone-f-iphone-7-p-19901.html,,
PU Leather Ladies HandBags Women Messenger Bags Shoulder Hand Bags,https://www.cigabuy.com/pu-leather-ladies-handbags-women-messenger-bags-shoulder-hand-bags-p-18843.html,$6.81,$13.61 
Rechargeable LED Flashlight Waterproof Torch Zoomable Camping Light,https://www.cigabuy.com/rechargeable-led-flashlight-waterproof-torch-zoomable-camping-light-p-18714.html,$7.13,$12.97 
Electric Makeup Brush Cleaner & Dryer Set Make up Brushes Washing Tool,https://www.cigabuy.com/electric-makeup-brush-cleaner-dryer-set-make-up-brushes-washing-tool-p-14109.html,,
Baellerry Men Long Fashion Wallets Desigh Zipper Card Holder Leather Purse,https://www.cigabuy.com/baellerry-men-long-fashion-wallets-desigh-zipper-card-holder-leather-purse-p-18784.html,$5.29,$14.90 
DUBERY 163 Polarized Sunglasses Men Driving Shades Male Retro Sun Glasses,https://www.cigabuy.com/dubery-163-polarized-sunglasses-men-driving-shades-male-retro-sun-glasses-p-18838.html,$4.75,$9.50 
Baellerry Men Wallets Classic Long Style Card Holder Male Purse PU Zipper,https://www.cigabuy.com/baellerry-men-wallets-classic-long-style-card-holder-male-purse-pu-zipper-p-18839.html,$4.32,$8.63 
Outdoor Sun Resistant Unisex Riding Fitness Seemless Arm Guard UV Protection,https://www.cigabuy.com/outdoor-sun-resistant-unisex-riding-fitness-seemless-arm-guard-uv-protection-p-18933.html,$6.54,$22.24 
ONOLA Luxury Unique Quartz Watch PU Leather Casual Waterproof Men Watch,https://www.cigabuy.com/onola-luxury-unique-quartz-watch-pu-leather-casual-waterproof-men-watch-p-19178.html,$19.27,$51.01 
Thermal Vest for Men Underwear Thermal Undershirt Warm Vest Navy,https://www.cigabuy.com/thermal-vest-for-men-underwear-thermal-undershirt-warm-vest-navy-p-19179.html,$2.44,$15.19 
LEINASEN PU Leather Larger Capacity Shoulder Bag Men Zipper Business Handbag,https://www.cigabuy.com/leinasen-pu-leather-larger-capacity-shoulder-bag-men-zipper-business-handbag-p-19180.html,$10.54,$60.23 
CURREN Mens Watches Top Brand Wristwatch Quartz Waterproof,https://www.cigabuy.com/curren-mens-watches-top-brand-wristwatch-quartz-waterproof-p-19211.html,$8.51,$21.59 
TW40 Bluetooth Headset 5.0 Wireless Headphones Sports Black Science Earbuds,https://www.cigabuy.com/tw40-bluetooth-headset-50-wireless-headphones-sports-black-science-earbuds-p-19222.html,$12.45,$24.79 
Canvas Strap Dress Quartz Clock Watches For Simple Dial Sports Wrist Watch,https://www.cigabuy.com/canvas-strap-dress-quartz-clock-watches-for-simple-dial-sports-wrist-watch-p-19239.html,$14.05,$28.59 
NAVIFORCE Men Sport Watch Male Waterproof Quartz Digital Led Clock,https://www.cigabuy.com/naviforce-men-sport-watch-male-waterproof-quartz-digital-led-clock-p-19240.html,$19.49,$56.80 
Bluetooth 4.1 Headphone Wireless Mini Invisible In-Ear Bluetooth Earbud With Mic,https://www.cigabuy.com/bluetooth-41-headphone-wireless-mini-invisible-in-ear-bluetooth-earbud-with-mic-p-19726.html,,
E6 Mini Magnetic USB Invisible Bluetooth V4.2 Earphone,https://www.cigabuy.com/e6-mini-magnetic-usb-invisible-bluetooth-v42-earphone-p-19731.html,,
Original Xiaomi Piston Dazzle Edition Earphones with Mic,https://www.cigabuy.com/original-xiaomi-piston-dazzle-edition-earphones-with-mic-p-19740.html,,
In-ear style 3.5mm Super Bass Universal Earphone Wired Sport Earphone with Mic,https://www.cigabuy.com/in-ear-style-35mm-super-bass-universal-earphone-wired-sport-earphone-with-mic-p-19747.html,,
Kingston TF Card 8GB Class 4 SDHC Mobile phone,https://www.cigabuy.com/kingston-tf-card-8gb-class-4-sdhc-mobile-phone-p-19758.html,,
JBMMJ MJ100 Earphone Metal In-Ear 3.5mm Earbuds Aluminum Alloy Superb Sound,https://www.cigabuy.com/jbmmj-mj100-earphone-metal-in-ear-35mm-earbuds-aluminum-alloy-superb-sound-p-19770.html,,
i8 Mini In-Ear 180 Rotation Bluetooth Wireless Earbud Earphone ,https://www.cigabuy.com/i8-mini-in-ear-180-rotation-bluetooth-wireless-earbud-earphone-p-19777.html,,
E14 In-ear style 3.5mm Hifi Super Bass Wired Earphone with Microphone,https://www.cigabuy.com/e14-in-ear-style-35mm-hifi-super-bass-wired-earphone-with-microphone-p-19784.html,,
M5 Magnetic Sports BT 4.1 Waterproof Sports Earphones,https://www.cigabuy.com/m5-magnetic-sports-bt-41-waterproof-sports-earphones-p-19801.html,,
Wireless Sport Dual In Ear Stereo Bluetooth 4.0 with Mic Headset,https://www.cigabuy.com/wireless-sport-dual-in-ear-stereo-bluetooth-40-with-mic-headset-p-19819.html,,
CURREN 8249 Big Dial Dual Move Calendar Leather Strap Quartz Watch,https://www.cigabuy.com/curren-8249-big-dial-dual-move-calendar-leather-strap-quartz-watch-p-19824.html,,
"SJ4000 1.5"" LCD Screen 12MP 1080P Waterproof Sports Camera",https://www.cigabuy.com/sj4000-15-lcd-screen-12mp-1080p-waterproof-sports-camera-p-19896.html,,
Light Controlled Square LED Wall Night Lamp Bedroom Night Light,https://www.cigabuy.com/light-controlled-square-led-wall-night-lamp-bedroom-night-light-p-17030.html,$0.42,$1.05 
